sim_num	time	gamete_num	prop	gamete_value
0	0	-1	0.5	0.1
0	1	-1	1	0.1
0	2	-1	0.5	0.1
0	3	-1	0	0.1
0	0	0	0.0303334	0
0	0	1	0.037207	0.149951
0	0	2	0.043794	0.1891
0	0	3	0.0438838	0.339051
0	1	0	0.0283094	0
0	1	1	0.0332964	0.149951
0	1	2	0.037827	0.1891
0	1	3	0.0529243	0.339051
0	2	0	0.0282841	0
0	2	1	0.0344155	0.149951
0	2	2	0.0403166	0.1891
0	2	3	0.0503178	0.339051
0	3	0	0.036964	0
0	3	1	0.0414606	0.149951
0	3	2	0.0468554	0.1891
0	3	3	0.041265	0.339051
1	0	-1	0.5	0.1
1	1	-1	1	0.1
1	2	-1	0.5	0.1
1	3	-1	0	0.1
1	0	0	0.0247392	0
1	0	1	0.0321493	0.0520782
1	0	2	0.0363428	0.169325
1	0	3	0.0433537	0.221404
1	1	0	0.020352	0
1	1	1	0.0244025	0.0520782
1	1	2	0.0292229	0.169325
1	1	3	0.0399625	0.221404
1	2	0	0.0223879	0
1	2	1	0.0275869	0.0520782
1	2	2	0.0323651	0.169325
1	2	3	0.0420435	0.221404
1	3	0	0.0321047	0
1	3	1	0.0413406	0.0520782
1	3	2	0.0412923	0.169325
1	3	3	0.0458773	0.221404
2	0	-1	0.5	0.1
2	1	-1	1	0.1
2	2	-1	0.5	0.1
2	3	-1	0	0.1
2	0	0	0.0315042	0
2	0	1	0.0349572	0.169212
2	0	2	0.0406184	0.0921967
2	0	3	0.0419839	0.261409
2	1	0	0.0287009	0
2	1	1	0.0323284	0.169212
2	1	2	0.0333783	0.0921967
2	1	3	0.0423157	0.261409
2	2	0	0.0293717	0
2	2	1	0.0332318	0.169212
2	2	2	0.0361003	0.0921967
2	2	3	0.0423145	0.261409
2	3	0	0.0379825	0
2	3	1	0.0392686	0.169212
2	3	2	0.0486431	0.0921967
2	3	3	0.0439262	0.261409
3	0	-1	0.5	0.1
3	1	-1	1	0.1
3	2	-1	0.5	0.1
3	3	-1	0	0.1
3	0	0	0.0285725	0
3	0	1	0.0366721	0.146527
3	0	2	0.0375574	0.0714761
3	0	3	0.0455343	0.218003
3	1	0	0.0208949	0
3	1	1	0.0371909	0.146527
3	1	2	0.0269922	0.0714761
3	1	3	0.0488021	0.218003
3	2	0	0.0244754	0
3	2	1	0.036395	0.146527
3	2	2	0.0319036	0.0714761
3	2	3	0.0466814	0.218003
3	3	0	0.0362839	0
3	3	1	0.0417747	0.146527
3	3	2	0.0473282	0.0714761
3	3	3	0.0504876	0.218003
4	0	-1	0.5	0.1
4	1	-1	1	0.1
4	2	-1	0.5	0.1
4	3	-1	0	0.1
4	0	0	0.0303994	0
4	0	1	0.0406947	0.134159
4	0	2	0.0375267	0.143044
4	0	3	0.0480304	0.277203
4	1	0	0.0277272	0
4	1	1	0.0425886	0.134159
4	1	2	0.0311119	0.143044
4	1	3	0.0503255	0.277203
4	2	0	0.0281569	0
4	2	1	0.0410264	0.134159
4	2	2	0.0335992	0.143044
4	2	3	0.0495134	0.277203
4	3	0	0.0365346	0
4	3	1	0.0454241	0.134159
4	3	2	0.0440875	0.143044
4	3	3	0.0484962	0.277203
5	0	-1	0.5	0.1
5	1	-1	1	0.1
5	2	-1	0.5	0.1
5	3	-1	0	0.1
5	0	0	0.0251783	0
5	0	1	0.0344321	0.194989
5	0	2	0.0443429	0.221388
5	0	3	0.0399584	0.416377
5	1	0	0.0231931	0
5	1	1	0.0287148	0.194989
5	1	2	0.0344166	0.221388
5	1	3	0.0563251	0.416377
5	2	0	0.022981	0
5	2	1	0.0306684	0.194989
5	2	2	0.0385215	0.221388
5	2	3	0.0511249	0.416377
5	3	0	0.0327369	0
5	3	1	0.0368415	0.194989
5	3	2	0.0444448	0.221388
5	3	3	0.0337525	0.416377
6	0	-1	0.5	0.1
6	1	-1	1	0.1
6	2	-1	0.5	0.1
6	3	-1	0	0.1
6	0	0	0.0236234	0
6	0	1	0.0352963	0.192395
6	0	2	0.0415491	0.204548
6	0	3	0.0403313	0.396943
6	1	0	0.0180399	0
6	1	1	0.0312562	0.192395
6	1	2	0.0293066	0.204548
6	1	3	0.0589035	0.396943
6	2	0	0.020127	0
6	2	1	0.033393	0.192395
6	2	2	0.0349036	0.204548
6	2	3	0.0530406	0.396943
6	3	0	0.0321168	0
6	3	1	0.0367093	0.192395
6	3	2	0.0428506	0.204548
6	3	3	0.0340374	0.396943
7	0	-1	0.5	0.1
7	1	-1	1	0.1
7	2	-1	0.5	0.1
7	3	-1	0	0.1
7	0	0	0.0276791	0
7	0	1	0.0373835	0.129879
7	0	2	0.0431088	0.121906
7	0	3	0.0501194	0.251785
7	1	0	0.0223598	0
7	1	1	0.0358395	0.129879
7	1	2	0.0344637	0.121906
7	1	3	0.059795	0.251785
7	2	0	0.02481	0
7	2	1	0.036524	0.129879
7	2	2	0.0382032	0.121906
7	2	3	0.0569549	0.251785
7	3	0	0.0355265	0
7	3	1	0.0425625	0.129879
7	3	2	0.0507008	0.121906
7	3	3	0.0522711	0.251785
8	0	-1	0.5	0.1
8	1	-1	1	0.1
8	2	-1	0.5	0.1
8	3	-1	0	0.1
8	0	0	0.0275387	0
8	0	1	0.033505	0.00747232
8	0	2	0.03818	0.0129219
8	0	3	0.0507147	0.0203943
8	1	0	0.0244622	0
8	1	1	0.0289799	0.00747232
8	1	2	0.0312663	0.0129219
8	1	3	0.0397722	0.0203943
8	2	0	0.0250448	0
8	2	1	0.0299541	0.00747232
8	2	2	0.0329868	0.0129219
8	2	3	0.0423344	0.0203943
8	3	0	0.0340923	0
8	3	1	0.041845	0.00747232
8	3	2	0.0486613	0.0129219
8	3	3	0.0644589	0.0203943
9	0	-1	0.5	0.1
9	1	-1	1	0.1
9	2	-1	0.5	0.1
9	3	-1	0	0.1
9	0	0	0.033567	0
9	0	1	0.0379703	0.150689
9	0	2	0.0405139	0.16516
9	0	3	0.0423608	0.315849
9	1	0	0.031133	0
9	1	1	0.0364988	0.150689
9	1	2	0.0361378	0.16516
9	1	3	0.0461727	0.315849
9	2	0	0.0314272	0
9	2	1	0.0366683	0.150689
9	2	2	0.0378839	0.16516
9	2	3	0.0442028	0.315849
9	3	0	0.0396536	0
9	3	1	0.0424652	0.150689
9	3	2	0.0456593	0.16516
9	3	3	0.0426854	0.315849
10	0	-1	0.5	0.1
10	1	-1	1	0.1
10	2	-1	0.5	0.1
10	3	-1	0	0.1
10	0	0	0.0266558	0
10	0	1	0.0321407	0.157468
10	0	2	0.0353879	0.239231
10	0	3	0.0361371	0.396699
10	1	0	0.0262227	0
10	1	1	0.0292708	0.157468
10	1	2	0.030729	0.239231
10	1	3	0.0418817	0.396699
10	2	0	0.0255915	0
10	2	1	0.0301233	0.157468
10	2	2	0.0329986	0.239231
10	2	3	0.0390335	0.396699
10	3	0	0.032898	0
10	3	1	0.036613	0.157468
10	3	2	0.0370502	0.239231
10	3	3	0.0331002	0.396699
11	0	-1	0.5	0.1
11	1	-1	1	0.1
11	2	-1	0.5	0.1
11	3	-1	0	0.1
11	0	0	0.0290818	0
11	0	1	0.0342488	0.11579
11	0	2	0.0370612	0.0486875
11	0	3	0.0438953	0.164478
11	1	0	0.0247418	0
11	1	1	0.0298836	0.11579
11	1	2	0.0266044	0.0486875
11	1	3	0.034876	0.164478
11	2	0	0.0265865	0
11	2	1	0.0318959	0.11579
11	2	2	0.0308086	0.0486875
11	2	3	0.0383544	0.164478
11	3	0	0.036347	0
11	3	1	0.0405021	0.11579
11	3	2	0.0480243	0.0486875
11	3	3	0.0501778	0.164478
12	0	-1	0.5	0.1
12	1	-1	1	0.1
12	2	-1	0.5	0.1
12	3	-1	0	0.1
12	0	0	0.0360523	0
12	0	1	0.0390866	0.150903
12	0	2	0.0429451	0.104552
12	0	3	0.0451317	0.255455
12	1	0	0.0355821	0
12	1	1	0.0386342	0.150903
12	1	2	0.039665	0.104552
12	1	3	0.0461707	0.255455
12	2	0	0.0345871	0
12	2	1	0.0380431	0.150903
12	2	2	0.0404045	0.104552
12	2	3	0.0456105	0.255455
12	3	0	0.0415305	0
12	3	1	0.0439539	0.150903
12	3	2	0.0509513	0.104552
12	3	3	0.0480848	0.255455
13	0	-1	0.5	0.1
13	1	-1	1	0.1
13	2	-1	0.5	0.1
13	3	-1	0	0.1
13	0	0	0.0335818	0
13	0	1	0.0380241	0.0365791
13	0	2	0.0417684	0.157979
13	0	3	0.0468861	0.194558
13	1	0	0.0327639	0
13	1	1	0.0351703	0.0365791
13	1	2	0.0397561	0.157979
13	1	3	0.0460013	0.194558
13	2	0	0.0320497	0
13	2	1	0.0352504	0.0365791
13	2	2	0.0397758	0.157979
13	2	3	0.0461193	0.194558
13	3	0	0.0394843	0
13	3	1	0.0464997	0.0365791
13	3	2	0.0482323	0.157979
13	3	3	0.0527495	0.194558
14	0	-1	0.5	0.1
14	1	-1	1	0.1
14	2	-1	0.5	0.1
14	3	-1	0	0.1
14	0	0	0.0289617	0
14	0	1	0.0334456	0.0536663
14	0	2	0.0375872	0.0959878
14	0	3	0.0440222	0.149654
14	1	0	0.0194881	0
14	1	1	0.0240023	0.0536663
14	1	2	0.0287887	0.0959878
14	1	3	0.0384686	0.149654
14	2	0	0.0229676	0
14	2	1	0.0272707	0.0536663
14	2	2	0.0311786	0.0959878
14	2	3	0.0380158	0.149654
14	3	0	0.0379969	0
14	3	1	0.0431906	0.0536663
14	3	2	0.0476812	0.0959878
14	3	3	0.0533686	0.149654
15	0	-1	0.5	0.1
15	1	-1	1	0.1
15	2	-1	0.5	0.1
15	3	-1	0	0.1
15	0	0	0.0264794	0
15	0	1	0.0321399	0.0244188
15	0	2	0.0388337	0.0200786
15	0	3	0.053174	0.0444974
15	1	0	0.0254673	0
15	1	1	0.0305613	0.0244188
15	1	2	0.0354132	0.0200786
15	1	3	0.0474558	0.0444974
15	2	0	0.0245345	0
15	2	1	0.0293632	0.0244188
15	2	2	0.0346701	0.0200786
15	2	3	0.0466203	0.0444974
15	3	0	0.0337844	0
15	3	1	0.0406677	0.0244188
15	3	2	0.049991	0.0200786
15	3	3	0.0673038	0.0444974
16	0	-1	0.5	0.1
16	1	-1	1	0.1
16	2	-1	0.5	0.1
16	3	-1	0	0.1
16	0	0	0.0289318	0
16	0	1	0.0353917	0.0191973
16	0	2	0.0389913	0.157316
16	0	3	0.047003	0.176514
16	1	0	0.0236138	0
16	1	1	0.0273197	0.0191973
16	1	2	0.0362384	0.157316
16	1	3	0.0471831	0.176514
16	2	0	0.0258868	0
16	2	1	0.0305974	0.0191973
16	2	2	0.0362801	0.157316
16	2	3	0.046167	0.176514
16	3	0	0.036405	0
16	3	1	0.0449743	0.0191973
16	3	2	0.0458053	0.157316
16	3	3	0.0544231	0.176514
17	0	-1	0.5	0.1
17	1	-1	1	0.1
17	2	-1	0.5	0.1
17	3	-1	0	0.1
17	0	0	0.028182	0
17	0	1	0.0346564	0.169587
17	0	2	0.0411262	0.155468
17	0	3	0.0408572	0.325056
17	1	0	0.0223283	0
17	1	1	0.0316699	0.169587
17	1	2	0.0324753	0.155468
17	1	3	0.0511282	0.325056
17	2	0	0.0249357	0
17	2	1	0.033338	0.169587
17	2	2	0.0365659	0.155468
17	2	3	0.0474029	0.325056
17	3	0	0.0356545	0
17	3	1	0.0380366	0.169587
17	3	2	0.0457584	0.155468
17	3	3	0.0397369	0.325056
18	0	-1	0.5	0.1
18	1	-1	1	0.1
18	2	-1	0.5	0.1
18	3	-1	0	0.1
18	0	0	0.0300015	0
18	0	1	0.0354478	0.0495833
18	0	2	0.0377069	0.186706
18	0	3	0.0426881	0.23629
18	1	0	0.0272963	0
18	1	1	0.0303428	0.0495833
18	1	2	0.0326597	0.186706
18	1	3	0.0401405	0.23629
18	2	0	0.0279849	0
18	2	1	0.0319692	0.0495833
18	2	2	0.0346922	0.186706
18	2	3	0.0413939	0.23629
18	3	0	0.0365523	0
18	3	1	0.0439691	0.0495833
18	3	2	0.0425692	0.186706
18	3	3	0.0456225	0.23629
19	0	-1	0.5	0.1
19	1	-1	1	0.1
19	2	-1	0.5	0.1
19	3	-1	0	0.1
19	0	0	0.0266186	0
19	0	1	0.0367996	0.0362702
19	0	2	0.0387602	0.157688
19	0	3	0.0502445	0.193958
19	1	0	0.0220938	0
19	1	1	0.029359	0.0362702
19	1	2	0.0356765	0.157688
19	1	3	0.0529573	0.193958
19	2	0	0.0241922	0
19	2	1	0.0321174	0.0362702
19	2	2	0.0364139	0.157688
19	2	3	0.0518807	0.193958
19	3	0	0.0341656	0
19	3	1	0.0461029	0.0362702
19	3	2	0.0449651	0.157688
19	3	3	0.0563663	0.193958
20	0	-1	0.5	0.1
20	1	-1	1	0.1
20	2	-1	0.5	0.1
20	3	-1	0	0.1
20	0	0	0.0310401	0
20	0	1	0.0375845	0.0813036
20	0	2	0.0420588	0.0873281
20	0	3	0.0504174	0.168632
20	1	0	0.0295176	0
20	1	1	0.0370518	0.0813036
20	1	2	0.0389191	0.0873281
20	1	3	0.0528813	0.168632
20	2	0	0.029474	0
20	2	1	0.0362292	0.0813036
20	2	2	0.0393187	0.0873281
20	2	3	0.0510525	0.168632
20	3	0	0.0381008	0
20	3	1	0.0452651	0.0813036
20	3	2	0.0522451	0.0873281
20	3	3	0.0593952	0.168632
21	0	-1	0.5	0.1
21	1	-1	1	0.1
21	2	-1	0.5	0.1
21	3	-1	0	0.1
21	0	0	0.0206065	0
21	0	1	0.0331283	0.0598599
21	0	2	0.0341798	0.18337
21	0	3	0.0455512	0.24323
21	1	0	0.0153126	0
21	1	1	0.0242584	0.0598599
21	1	2	0.0273748	0.18337
21	1	3	0.046931	0.24323
21	2	0	0.0180306	0
21	2	1	0.0277933	0.0598599
21	2	2	0.0306305	0.18337
21	2	3	0.0476678	0.24323
21	3	0	0.0280779	0
21	3	1	0.0419558	0.0598599
21	3	2	0.0380046	0.18337
21	3	3	0.0462722	0.24323
22	0	-1	0.5	0.1
22	1	-1	1	0.1
22	2	-1	0.5	0.1
22	3	-1	0	0.1
22	0	0	0.0245526	0
22	0	1	0.0286991	0.176728
22	0	2	0.0402709	0.0500978
22	0	3	0.0421785	0.226826
22	1	0	0.0154076	0
22	1	1	0.0268352	0.176728
22	1	2	0.0257805	0.0500978
22	1	3	0.0474652	0.226826
22	2	0	0.0205449	0
22	2	1	0.0279143	0.176728
22	2	2	0.0327409	0.0500978
22	2	3	0.0454334	0.226826
22	3	0	0.0330336	0
22	3	1	0.0330635	0.176728
22	3	2	0.050243	0.0500978
22	3	3	0.0456577	0.226826
23	0	-1	0.5	0.1
23	1	-1	1	0.1
23	2	-1	0.5	0.1
23	3	-1	0	0.1
23	0	0	0.0260501	0
23	0	1	0.0319933	0.306453
23	0	2	0.0362338	0.086126
23	0	3	0.0390542	0.392579
23	1	0	0.0209921	0
23	1	1	0.0371149	0.306453
23	1	2	0.0239148	0.086126
23	1	3	0.0492323	0.392579
23	2	0	0.021582	0
23	2	1	0.0363135	0.306453
23	2	2	0.0279361	0.086126
23	2	3	0.0473536	0.392579
23	3	0	0.032905	0
23	3	1	0.0293155	0.306453
23	3	2	0.0441444	0.086126
23	3	3	0.0325449	0.392579
24	0	-1	0.5	0.1
24	1	-1	1	0.1
24	2	-1	0.5	0.1
24	3	-1	0	0.1
24	0	0	0.024458	0
24	0	1	0.0349957	0.0802743
24	0	2	0.0368694	0.197012
24	0	3	0.0458239	0.277286
24	1	0	0.0214592	0
24	1	1	0.0296389	0.0802743
24	1	2	0.0314712	0.197012
24	1	3	0.0488412	0.277286
24	2	0	0.022319	0
24	2	1	0.031067	0.0802743
24	2	2	0.033783	0.197012
24	2	3	0.0485708	0.277286
24	3	0	0.0309029	0
24	3	1	0.0424773	0.0802743
24	3	2	0.0404191	0.197012
24	3	3	0.0451085	0.277286
25	0	-1	0.5	0.1
25	1	-1	1	0.1
25	2	-1	0.5	0.1
25	3	-1	0	0.1
25	0	0	0.028008	0
25	0	1	0.0336246	0.1488
25	0	2	0.0420223	0.00605068
25	0	3	0.0508355	0.154851
25	1	0	0.0245054	0
25	1	1	0.0352948	0.1488
25	1	2	0.0334332	0.00605068
25	1	3	0.0529022	0.154851
25	2	0	0.0259609	0
25	2	1	0.0335957	0.1488
25	2	2	0.0366836	0.00605068
25	2	3	0.0514528	0.154851
25	3	0	0.0352156	0
25	3	1	0.0382344	0.1488
25	3	2	0.0544459	0.00605068
25	3	3	0.0587103	0.154851
26	0	-1	0.5	0.1
26	1	-1	1	0.1
26	2	-1	0.5	0.1
26	3	-1	0	0.1
26	0	0	0.0313945	0
26	0	1	0.0376813	0.142458
26	0	2	0.0423377	0.056287
26	0	3	0.0491267	0.198745
26	1	0	0.028353	0
26	1	1	0.0403899	0.142458
26	1	2	0.0361158	0.056287
26	1	3	0.0542765	0.198745
26	2	0	0.0292367	0
26	2	1	0.038441	0.142458
26	2	2	0.0384579	0.056287
26	2	3	0.0519556	0.198745
26	3	0	0.0382021	0
26	3	1	0.0428444	0.142458
26	3	2	0.0532614	0.056287
26	3	3	0.0558592	0.198745
27	0	-1	0.5	0.1
27	1	-1	1	0.1
27	2	-1	0.5	0.1
27	3	-1	0	0.1
27	0	0	0.0260671	0
27	0	1	0.0367915	0.203723
27	0	2	0.0393382	0.155567
27	0	3	0.0447785	0.359291
27	1	0	0.0203699	0
27	1	1	0.0384312	0.203723
27	1	2	0.0273257	0.155567
27	1	3	0.0569436	0.359291
27	2	0	0.0221874	0
27	2	1	0.0382804	0.203723
27	2	2	0.0321731	0.155567
27	2	3	0.0535153	0.359291
27	3	0	0.0330761	0
27	3	1	0.0377968	0.203723
27	3	2	0.0447075	0.155567
27	3	3	0.0395818	0.359291
28	0	-1	0.5	0.1
28	1	-1	1	0.1
28	2	-1	0.5	0.1
28	3	-1	0	0.1
28	0	0	0.0316621	0
28	0	1	0.0400114	0.0200743
28	0	2	0.0408297	0.172776
28	0	3	0.0514132	0.192851
28	1	0	0.0311803	0
28	1	1	0.037684	0.0200743
28	1	2	0.0408163	0.172776
28	1	3	0.0535166	0.192851
28	2	0	0.0305873	0
28	2	1	0.037698	0.0200743
28	2	2	0.0400166	0.172776
28	2	3	0.052318	0.192851
28	3	0	0.0375521	0
28	3	1	0.0489867	0.0200743
28	3	2	0.0466668	0.172776
28	3	3	0.057386	0.192851
29	0	-1	0.5	0.1
29	1	-1	1	0.1
29	2	-1	0.5	0.1
29	3	-1	0	0.1
29	0	0	0.0265843	0
29	0	1	0.0297499	0.192712
29	0	2	0.0416344	0.0447996
29	0	3	0.0417413	0.237512
29	1	0	0.020991	0
29	1	1	0.0277759	0.192712
29	1	2	0.0294411	0.0447996
29	1	3	0.0450304	0.237512
29	2	0	0.02385	0
29	2	1	0.0287572	0.192712
29	2	2	0.0347032	0.0447996
29	2	3	0.0446476	0.237512
29	3	0	0.0340066	0
29	3	1	0.033328	0.192712
29	3	2	0.0512999	0.0447996
29	3	3	0.0440883	0.237512
30	0	-1	0.5	0.1
30	1	-1	1	0.1
30	2	-1	0.5	0.1
30	3	-1	0	0.1
30	0	0	0.0206203	0
30	0	1	0.029716	0.166081
30	0	2	0.0377293	0.135934
30	0	3	0.0434534	0.302015
30	1	0	0.0160873	0
30	1	1	0.0276131	0.166081
30	1	2	0.0260584	0.135934
30	1	3	0.0496399	0.302015
30	2	0	0.0178063	0
30	2	1	0.0285677	0.166081
30	2	2	0.0305925	0.135934
30	2	3	0.0484942	0.302015
30	3	0	0.027465	0
30	3	1	0.0330694	0.166081
30	3	2	0.0445905	0.135934
30	3	3	0.040374	0.302015
31	0	-1	0.5	0.1
31	1	-1	1	0.1
31	2	-1	0.5	0.1
31	3	-1	0	0.1
31	0	0	0.0236232	0
31	0	1	0.0272727	0.24058
31	0	2	0.0414737	0.0476241
31	0	3	0.039591	0.288204
31	1	0	0.0147093	0
31	1	1	0.0303647	0.24058
31	1	2	0.0231972	0.0476241
31	1	3	0.0517197	0.288204
31	2	0	0.0197846	0
31	2	1	0.0307392	0.24058
31	2	2	0.0317172	0.0476241
31	2	3	0.0500137	0.288204
31	3	0	0.0315526	0
31	3	1	0.0279762	0.24058
31	3	2	0.0503431	0.0476241
31	3	3	0.0379658	0.288204
32	0	-1	0.5	0.1
32	1	-1	1	0.1
32	2	-1	0.5	0.1
32	3	-1	0	0.1
32	0	0	0.0283054	0
32	0	1	0.0324977	0.158869
32	0	2	0.0399555	0.0572916
32	0	3	0.0443136	0.21616
32	1	0	0.0255876	0
32	1	1	0.03006	0.158869
32	1	2	0.0312602	0.0572916
32	1	3	0.0413073	0.21616
32	2	0	0.0263406	0
32	2	1	0.0308326	0.158869
32	2	2	0.0342837	0.0572916
32	2	3	0.0426434	0.21616
32	3	0	0.0348973	0
32	3	1	0.0368124	0.158869
32	3	2	0.0502232	0.0572916
32	3	3	0.0473341	0.21616
33	0	-1	0.5	0.1
33	1	-1	1	0.1
33	2	-1	0.5	0.1
33	3	-1	0	0.1
33	0	0	0.0325688	0
33	0	1	0.0403589	0.198636
33	0	2	0.0402598	0.134292
33	0	3	0.0460027	0.332927
33	1	0	0.0282391	0
33	1	1	0.044045	0.198636
33	1	2	0.0319296	0.134292
33	1	3	0.0535507	0.332927
33	2	0	0.0292427	0
33	2	1	0.0427042	0.198636
33	2	2	0.03512	0.134292
33	2	3	0.051343	0.332927
33	3	0	0.0389453	0
33	3	1	0.0417978	0.198636
33	3	2	0.04665	0.134292
33	3	3	0.0435373	0.332927
34	0	-1	0.5	0.1
34	1	-1	1	0.1
34	2	-1	0.5	0.1
34	3	-1	0	0.1
34	0	0	0.0264072	0
34	0	1	0.0319813	0.136807
34	0	2	0.040232	0.137206
34	0	3	0.0402965	0.274013
34	1	0	0.0200634	0
34	1	1	0.0257668	0.136807
34	1	2	0.0311315	0.137206
34	1	3	0.0457183	0.274013
34	2	0	0.0231282	0
34	2	1	0.0287985	0.136807
34	2	2	0.0352071	0.137206
34	2	3	0.0440264	0.274013
34	3	0	0.0343709	0
34	3	1	0.0371819	0.136807
34	3	2	0.0460361	0.137206
34	3	3	0.0413198	0.274013
35	0	-1	0.5	0.1
35	1	-1	1	0.1
35	2	-1	0.5	0.1
35	3	-1	0	0.1
35	0	0	0.0214114	0
35	0	1	0.0302864	0.119672
35	0	2	0.0348058	0.21322
35	0	3	0.0407469	0.332892
35	1	0	0.0200459	0
35	1	1	0.0263867	0.119672
35	1	2	0.0281601	0.21322
35	1	3	0.0441819	0.332892
35	2	0	0.0196432	0
35	2	1	0.0270021	0.119672
35	2	2	0.0308275	0.21322
35	2	3	0.043787	0.332892
35	3	0	0.0273843	0
35	3	1	0.0366395	0.119672
35	3	2	0.0380187	0.21322
35	3	3	0.0372359	0.332892
36	0	-1	0.5	0.1
36	1	-1	1	0.1
36	2	-1	0.5	0.1
36	3	-1	0	0.1
36	0	0	0.028502	0
36	0	1	0.0355987	0.191192
36	0	2	0.0367066	0.15325
36	0	3	0.0407972	0.344442
36	1	0	0.024332	0
36	1	1	0.0367188	0.191192
36	1	2	0.0277389	0.15325
36	1	3	0.0468603	0.344442
36	2	0	0.0255507	0
36	2	1	0.0365821	0.191192
36	2	2	0.0313736	0.15325
36	2	3	0.0450379	0.344442
36	3	0	0.0351686	0
36	3	1	0.0376829	0.191192
36	3	2	0.0422723	0.15325
36	3	3	0.0379887	0.344442
37	0	-1	0.5	0.1
37	1	-1	1	0.1
37	2	-1	0.5	0.1
37	3	-1	0	0.1
37	0	0	0.0239167	0
37	0	1	0.0312317	0.163571
37	0	2	0.0387924	0.162859
37	0	3	0.0393921	0.32643
37	1	0	0.0201717	0
37	1	1	0.0271236	0.163571
37	1	2	0.0289218	0.162859
37	1	3	0.0466359	0.32643
37	2	0	0.0214412	0
37	2	1	0.0290001	0.163571
37	2	2	0.0330977	0.162859
37	2	3	0.0451181	0.32643
37	3	0	0.0311288	0
37	3	1	0.0348655	0.163571
37	3	2	0.0431928	0.162859
37	3	3	0.0363695	0.32643
38	0	-1	0.5	0.1
38	1	-1	1	0.1
38	2	-1	0.5	0.1
38	3	-1	0	0.1
38	0	0	0.0321678	0
38	0	1	0.0401743	0.126258
38	0	2	0.039808	0.0877015
38	0	3	0.048243	0.213959
38	1	0	0.0292895	0
38	1	1	0.0421048	0.126258
38	1	2	0.0336102	0.0877015
38	1	3	0.0503828	0.213959
38	2	0	0.0298105	0
38	2	1	0.04055	0.126258
38	2	2	0.0358167	0.0877015
38	2	3	0.0494595	0.213959
38	3	0	0.0385947	0
38	3	1	0.0454521	0.126258
38	3	2	0.0491426	0.0877015
38	3	3	0.0533494	0.213959
39	0	-1	0.5	0.1
39	1	-1	1	0.1
39	2	-1	0.5	0.1
39	3	-1	0	0.1
39	0	0	0.0227887	0
39	0	1	0.0308792	0.111964
39	0	2	0.0386839	0.109403
39	0	3	0.0458687	0.221367
39	1	0	0.0166929	0
39	1	1	0.025442	0.111964
39	1	2	0.02755	0.109403
39	1	3	0.0460819	0.221367
39	2	0	0.0196496	0
39	2	1	0.0278412	0.111964
39	2	2	0.0319551	0.109403
39	2	3	0.046401	0.221367
39	3	0	0.0307874	0
39	3	1	0.03698	0.111964
39	3	2	0.0466602	0.109403
39	3	3	0.0482616	0.221367
40	0	-1	0.5	0.1
40	1	-1	1	0.1
40	2	-1	0.5	0.1
40	3	-1	0	0.1
40	0	0	0.0223807	0
40	0	1	0.0317227	0.0659459
40	0	2	0.0334462	0.101248
40	0	3	0.0499486	0.167194
40	1	0	0.0225937	0
40	1	1	0.0314001	0.0659459
40	1	2	0.028272	0.101248
40	1	3	0.0407188	0.167194
40	2	0	0.0214343	0
40	2	1	0.0296992	0.0659459
40	2	2	0.0289104	0.101248
40	2	3	0.0415358	0.167194
40	3	0	0.0284804	0
40	3	1	0.0406365	0.0659459
40	3	2	0.0430482	0.101248
40	3	3	0.056162	0.167194
41	0	-1	0.5	0.1
41	1	-1	1	0.1
41	2	-1	0.5	0.1
41	3	-1	0	0.1
41	0	0	0.0275511	0
41	0	1	0.0394303	0.00205753
41	0	2	0.0351008	0.202489
41	0	3	0.0480434	0.204546
41	1	0	0.0252885	0
41	1	1	0.0337896	0.00205753
41	1	2	0.0329535	0.202489
41	1	3	0.047253	0.204546
41	2	0	0.025697	0
41	2	1	0.0351309	0.00205753
41	2	2	0.033589	0.202489
41	2	3	0.0478748	0.204546
41	3	0	0.0334419	0
41	3	1	0.0490559	0.00205753
41	3	2	0.039448	0.202489
41	3	3	0.0527954	0.204546
42	0	-1	0.5	0.1
42	1	-1	1	0.1
42	2	-1	0.5	0.1
42	3	-1	0	0.1
42	0	0	0.029721	0
42	0	1	0.034172	0.174011
42	0	2	0.0369776	0.0906788
42	0	3	0.0404559	0.26469
42	1	0	0.0253702	0
42	1	1	0.0327848	0.174011
42	1	2	0.0276446	0.0906788
42	1	3	0.0396744	0.26469
42	2	0	0.0270592	0
42	2	1	0.0337021	0.174011
42	2	2	0.031547	0.0906788
42	2	3	0.0404189	0.26469
42	3	0	0.0367197	0
42	3	1	0.0379107	0.174011
42	3	2	0.0454246	0.0906788
42	3	3	0.0417431	0.26469
43	0	-1	0.5	0.1
43	1	-1	1	0.1
43	2	-1	0.5	0.1
43	3	-1	0	0.1
43	0	0	0.0262606	0
43	0	1	0.033139	0.131786
43	0	2	0.0370405	0.169032
43	0	3	0.0432109	0.300818
43	1	0	0.0253201	0
43	1	1	0.0314499	0.131786
43	1	2	0.0307329	0.169032
43	1	3	0.043444	0.300818
43	2	0	0.0246854	0
43	2	1	0.0312816	0.131786
43	2	2	0.0327829	0.169032
43	2	3	0.0435305	0.300818
43	3	0	0.0319665	0
43	3	1	0.0387726	0.131786
43	3	2	0.0426537	0.169032
43	3	3	0.0418741	0.300818
44	0	-1	0.5	0.1
44	1	-1	1	0.1
44	2	-1	0.5	0.1
44	3	-1	0	0.1
44	0	0	0.0250924	0
44	0	1	0.0324452	0.0131408
44	0	2	0.0332696	0.224185
44	0	3	0.0438878	0.237326
44	1	0	0.0245945	0
44	1	1	0.0298636	0.0131408
44	1	2	0.0276259	0.224185
44	1	3	0.0364577	0.237326
44	2	0	0.0237876	0
44	2	1	0.0296932	0.0131408
44	2	2	0.0297401	0.224185
44	2	3	0.0394134	0.237326
44	3	0	0.0306761	0
44	3	1	0.0428815	0.0131408
44	3	2	0.0365951	0.224185
44	3	3	0.0457805	0.237326
45	0	-1	0.5	0.1
45	1	-1	1	0.1
45	2	-1	0.5	0.1
45	3	-1	0	0.1
45	0	0	0.0236558	0
45	0	1	0.0275747	0.0439054
45	0	2	0.0337026	0.0133967
45	0	3	0.0456076	0.0573022
45	1	0	0.0258489	0
45	1	1	0.0317992	0.0439054
45	1	2	0.0389524	0.0133967
45	1	3	0.0523265	0.0573022
45	2	0	0.0221874	0
45	2	1	0.0260669	0.0439054
45	2	2	0.0330156	0.0133967
45	2	3	0.0428951	0.0573022
45	3	0	0.0351713	0
45	3	1	0.0404348	0.0439054
45	3	2	0.0503639	0.0133967
45	3	3	0.0664135	0.0573022
46	0	-1	0.5	0.1
46	1	-1	1	0.1
46	2	-1	0.5	0.1
46	3	-1	0	0.1
46	0	0	0.0282807	0
46	0	1	0.0349938	0.0902523
46	0	2	0.0379015	0.0272519
46	0	3	0.0481608	0.117504
46	1	0	0.0251724	0
46	1	1	0.0321713	0.0902523
46	1	2	0.0294516	0.0272519
46	1	3	0.0399241	0.117504
46	2	0	0.0260817	0
46	2	1	0.0326469	0.0902523
46	2	2	0.0322006	0.0272519
46	2	3	0.0419925	0.117504
46	3	0	0.0352191	0
46	3	1	0.0416981	0.0902523
46	3	2	0.0495252	0.0272519
46	3	3	0.0573841	0.117504
47	0	-1	0.5	0.1
47	1	-1	1	0.1
47	2	-1	0.5	0.1
47	3	-1	0	0.1
47	0	0	0.0257823	0
47	0	1	0.0356646	0.129205
47	0	2	0.0400502	0.229946
47	0	3	0.0399583	0.359151
47	1	0	0.0214515	0
47	1	1	0.0277002	0.129205
47	1	2	0.0345435	0.229946
47	1	3	0.0528245	0.359151
47	2	0	0.0232394	0
47	2	1	0.0309155	0.129205
47	2	2	0.0378094	0.229946
47	2	3	0.0489649	0.359151
47	3	0	0.0336616	0
47	3	1	0.0402669	0.129205
47	3	2	0.0406346	0.229946
47	3	3	0.0365237	0.359151
48	0	-1	0.5	0.1
48	1	-1	1	0.1
48	2	-1	0.5	0.1
48	3	-1	0	0.1
48	0	0	0.0330274	0
48	0	1	0.0363766	0.233246
48	0	2	0.0458149	0.0728778
48	0	3	0.0445998	0.306123
48	1	0	0.0302875	0
48	1	1	0.03762	0.233246
48	1	2	0.0370965	0.0728778
48	1	3	0.052833	0.306123
48	2	0	0.0306295	0
48	2	1	0.0368459	0.233246
48	2	2	0.0403332	0.0728778
48	2	3	0.0506151	0.306123
48	3	0	0.0391267	0
48	3	1	0.0380755	0.233246
48	3	2	0.0533958	0.0728778
48	3	3	0.0439379	0.306123
49	0	-1	0.5	0.1
49	1	-1	1	0.1
49	2	-1	0.5	0.1
49	3	-1	0	0.1
49	0	0	0.0337261	0
49	0	1	0.0369483	0.271613
49	0	2	0.044166	0.0192557
49	0	3	0.0454799	0.290869
49	1	0	0.026858	0
49	1	1	0.0442226	0.271613
49	1	2	0.0316692	0.0192557
49	1	3	0.0561308	0.290869
49	2	0	0.0293016	0
49	2	1	0.0416753	0.271613
49	2	2	0.0369497	0.0192557
49	2	3	0.0541545	0.290869
49	3	0	0.0396327	0
49	3	1	0.0362885	0.271613
49	3	2	0.0531519	0.0192557
49	3	3	0.0444871	0.290869
50	0	-1	0.5	0.1
50	1	-1	1	0.1
50	2	-1	0.5	0.1
50	3	-1	0	0.1
50	0	0	0.0219878	0
50	0	1	0.0278475	0.240902
50	0	2	0.0356819	0.0275582
50	0	3	0.0438025	0.26846
50	1	0	0.0177005	0
50	1	1	0.0303573	0.240902
50	1	2	0.0237993	0.0275582
50	1	3	0.0455729	0.26846
50	2	0	0.0191968	0
50	2	1	0.0293675	0.240902
50	2	2	0.028392	0.0275582
50	2	3	0.0464403	0.26846
50	3	0	0.0275071	0
50	3	1	0.0278795	0.240902
50	3	2	0.0474443	0.0275582
50	3	3	0.0425972	0.26846
51	0	-1	0.5	0.1
51	1	-1	1	0.1
51	2	-1	0.5	0.1
51	3	-1	0	0.1
51	0	0	0.0283733	0
51	0	1	0.0389854	0.142808
51	0	2	0.0386114	0.127205
51	0	3	0.0483213	0.270013
51	1	0	0.0240562	0
51	1	1	0.039964	0.142808
51	1	2	0.0302355	0.127205
51	1	3	0.0532021	0.270013
51	2	0	0.025522	0
51	2	1	0.0392084	0.142808
51	2	2	0.0337681	0.127205
51	2	3	0.0517437	0.270013
51	3	0	0.0350861	0
51	3	1	0.0432392	0.142808
51	3	2	0.0458693	0.127205
51	3	3	0.0486469	0.270013
52	0	-1	0.5	0.1
52	1	-1	1	0.1
52	2	-1	0.5	0.1
52	3	-1	0	0.1
52	0	0	0.0274396	0
52	0	1	0.0372711	0.163668
52	0	2	0.0431341	0.125748
52	0	3	0.0482593	0.289416
52	1	0	0.0200359	0
52	1	1	0.0377472	0.163668
52	1	2	0.0320993	0.125748
52	1	3	0.0618882	0.289416
52	2	0	0.0236595	0
52	2	1	0.0380719	0.163668
52	2	2	0.0375588	0.125748
52	2	3	0.0574872	0.289416
52	3	0	0.035223	0
52	3	1	0.0406734	0.163668
52	3	2	0.050086	0.125748
52	3	3	0.048245	0.289416
53	0	-1	0.5	0.1
53	1	-1	1	0.1
53	2	-1	0.5	0.1
53	3	-1	0	0.1
53	0	0	0.0300002	0
53	0	1	0.0353178	0.154639
53	0	2	0.0439281	0.120773
53	0	3	0.0457302	0.275412
53	1	0	0.0274389	0
53	1	1	0.0330699	0.154639
53	1	2	0.0368229	0.120773
53	1	3	0.0511193	0.275412
53	2	0	0.0280043	0
53	2	1	0.0337195	0.154639
53	2	2	0.039374	0.120773
53	2	3	0.0497479	0.275412
53	3	0	0.0365559	0
53	3	1	0.0395814	0.154639
53	3	2	0.0508391	0.120773
53	3	3	0.0460237	0.275412
54	0	-1	0.5	0.1
54	1	-1	1	0.1
54	2	-1	0.5	0.1
54	3	-1	0	0.1
54	0	0	0.0249643	0
54	0	1	0.0366576	0.186655
54	0	2	0.0410885	0.227394
54	0	3	0.0414984	0.414049
54	1	0	0.0215553	0
54	1	1	0.0327177	0.186655
54	1	2	0.0313553	0.227394
54	1	3	0.057882	0.414049
54	2	0	0.0221852	0
54	2	1	0.0339567	0.186655
54	2	2	0.0357399	0.227394
54	2	3	0.0522669	0.414049
54	3	0	0.0326365	0
54	3	1	0.0388544	0.186655
54	3	2	0.0419399	0.227394
54	3	3	0.0350159	0.414049
55	0	-1	0.5	0.1
55	1	-1	1	0.1
55	2	-1	0.5	0.1
55	3	-1	0	0.1
55	0	0	0.0215067	0
55	0	1	0.0250563	0.280926
55	0	2	0.0387562	0.0225431
55	0	3	0.0387458	0.303469
55	1	0	0.0169644	0
55	1	1	0.0266082	0.280926
55	1	2	0.02335	0.0225431
55	1	3	0.0459763	0.303469
55	2	0	0.019335	0
55	2	1	0.0267022	0.280926
55	2	2	0.0300524	0.0225431
55	2	3	0.0467776	0.303469
55	3	0	0.0283326	0
55	3	1	0.0248676	0.280926
55	3	2	0.0487405	0.0225431
55	3	3	0.0354002	0.303469
56	0	-1	0.5	0.1
56	1	-1	1	0.1
56	2	-1	0.5	0.1
56	3	-1	0	0.1
56	0	0	0.0246547	0
56	0	1	0.0313177	0.190163
56	0	2	0.0367991	0.0981846
56	0	3	0.0407468	0.288348
56	1	0	0.0187336	0
56	1	1	0.031576	0.190163
56	1	2	0.0240555	0.0981846
56	1	3	0.0450315	0.288348
56	2	0	0.0211772	0
56	2	1	0.0323187	0.190163
56	2	2	0.029311	0.0981846
56	2	3	0.0448698	0.288348
56	3	0	0.0319008	0
56	3	1	0.0334281	0.190163
56	3	2	0.0450931	0.0981846
56	3	3	0.0391139	0.288348
57	0	-1	0.5	0.1
57	1	-1	1	0.1
57	2	-1	0.5	0.1
57	3	-1	0	0.1
57	0	0	0.0259766	0
57	0	1	0.0335087	0.140426
57	0	2	0.036482	0.0849905
57	0	3	0.0433505	0.225417
57	1	0	0.0192803	0
57	1	1	0.031414	0.140426
57	1	2	0.0242899	0.0849905
57	1	3	0.0424956	0.225417
57	2	0	0.0223304	0
57	2	1	0.032697	0.140426
57	2	2	0.0294749	0.0849905
57	2	3	0.0433458	0.225417
57	3	0	0.0336932	0
57	3	1	0.0382549	0.140426
57	3	2	0.0457122	0.0849905
57	3	3	0.0460472	0.225417
58	0	-1	0.5	0.1
58	1	-1	1	0.1
58	2	-1	0.5	0.1
58	3	-1	0	0.1
58	0	0	0.0296488	0
58	0	1	0.0356529	0.201615
58	0	2	0.046337	0.128977
58	0	3	0.0449294	0.330593
58	1	0	0.0263727	0
58	1	1	0.034431	0.201615
58	1	2	0.0360934	0.128977
58	1	3	0.0565226	0.330593
58	2	0	0.0271677	0
58	2	1	0.0350731	0.201615
58	2	2	0.0400067	0.128977
58	2	3	0.053513	0.330593
58	3	0	0.0365745	0
58	3	1	0.0376983	0.201615
58	3	2	0.0518531	0.128977
58	3	3	0.0420992	0.330593
59	0	-1	0.5	0.1
59	1	-1	1	0.1
59	2	-1	0.5	0.1
59	3	-1	0	0.1
59	0	0	0.0279869	0
59	0	1	0.0348355	0.0217753
59	0	2	0.0386634	0.0617909
59	0	3	0.0508926	0.0835661
59	1	0	0.0257283	0
59	1	1	0.0312761	0.0217753
59	1	2	0.0335587	0.0617909
59	1	3	0.0440811	0.0835661
59	2	0	0.0257915	0
59	2	1	0.0315413	0.0217753
59	2	2	0.0341995	0.0617909
59	2	3	0.0448494	0.0835661
59	3	0	0.0349752	0
59	3	1	0.0438926	0.0217753
59	3	2	0.0487508	0.0617909
59	3	3	0.0630859	0.0835661
60	0	-1	0.5	0.1
60	1	-1	1	0.1
60	2	-1	0.5	0.1
60	3	-1	0	0.1
60	0	0	0.0256074	0
60	0	1	0.0315835	0.161857
60	0	2	0.0367668	0.190087
60	0	3	0.0385049	0.351944
60	1	0	0.0248027	0
60	1	1	0.0286742	0.161857
60	1	2	0.0298744	0.190087
60	1	3	0.0422538	0.351944
60	2	0	0.0242001	0
60	2	1	0.0294544	0.161857
60	2	2	0.0325834	0.190087
60	2	3	0.0412274	0.351944
60	3	0	0.0317408	0
60	3	1	0.0360051	0.161857
60	3	2	0.0406218	0.190087
60	3	3	0.0354069	0.351944
61	0	-1	0.5	0.1
61	1	-1	1	0.1
61	2	-1	0.5	0.1
61	3	-1	0	0.1
61	0	0	0.0331216	0
61	0	1	0.0364609	0.19347
61	0	2	0.0396274	0.0184179
61	0	3	0.0442055	0.211888
61	1	0	0.0315973	0
61	1	1	0.0360978	0.19347
61	1	2	0.0335737	0.0184179
61	1	3	0.0411269	0.211888
61	2	0	0.0313543	0
61	2	1	0.0357938	0.19347
61	2	2	0.0353218	0.0184179
61	2	3	0.0424058	0.211888
61	3	0	0.038941	0
61	3	1	0.0396421	0.19347
61	3	2	0.0502525	0.0184179
61	3	3	0.0479768	0.211888
62	0	-1	0.5	0.1
62	1	-1	1	0.1
62	2	-1	0.5	0.1
62	3	-1	0	0.1
62	0	0	0.0262108	0
62	0	1	0.0416128	0.0481446
62	0	2	0.0336295	0.211821
62	0	3	0.0484527	0.259966
62	1	0	0.023482	0
62	1	1	0.0374744	0.0481446
62	1	2	0.0302338	0.211821
62	1	3	0.0510124	0.259966
62	2	0	0.0241088	0
62	2	1	0.0379487	0.0481446
62	2	2	0.0320332	0.211821
62	2	3	0.0503063	0.259966
62	3	0	0.0324267	0
62	3	1	0.0498812	0.0481446
62	3	2	0.0374374	0.211821
62	3	3	0.0501706	0.259966
63	0	-1	0.5	0.1
63	1	-1	1	0.1
63	2	-1	0.5	0.1
63	3	-1	0	0.1
63	0	0	0.0246082	0
63	0	1	0.0305416	0.0694255
63	0	2	0.0343551	0.204671
63	0	3	0.0428574	0.274096
63	1	0	0.0251297	0
63	1	1	0.0290324	0.0694255
63	1	2	0.0288854	0.204671
63	1	3	0.0373574	0.274096
63	2	0	0.0234294	0
63	2	1	0.0281442	0.0694255
63	2	2	0.0303652	0.204671
63	2	3	0.0392503	0.274096
63	3	0	0.0298024	0
63	3	1	0.0391956	0.0694255
63	3	2	0.0390072	0.204671
63	3	3	0.0430501	0.274096
64	0	-1	0.5	0.1
64	1	-1	1	0.1
64	2	-1	0.5	0.1
64	3	-1	0	0.1
64	0	0	0.0293565	0
64	0	1	0.041631	0.0236928
64	0	2	0.0407912	0.238789
64	0	3	0.0506352	0.262482
64	1	0	0.0260179	0
64	1	1	0.0319245	0.0236928
64	1	2	0.0424028	0.238789
64	1	3	0.0601535	0.262482
64	2	0	0.0275	0
64	2	1	0.0351932	0.0236928
64	2	2	0.0420495	0.238789
64	2	3	0.0587223	0.262482
64	3	0	0.0358633	0
64	3	1	0.0504105	0.0236928
64	3	2	0.0424255	0.238789
64	3	3	0.0515565	0.262482
65	0	-1	0.5	0.1
65	1	-1	1	0.1
65	2	-1	0.5	0.1
65	3	-1	0	0.1
65	0	0	0.0319142	0
65	0	1	0.0421152	0.212745
65	0	2	0.036697	0.177732
65	0	3	0.0450936	0.390478
65	1	0	0.0255141	0
65	1	1	0.0475127	0.212745
65	1	2	0.0285033	0.177732
65	1	3	0.0547056	0.390478
65	2	0	0.0279742	0
65	2	1	0.0456809	0.212745
65	2	2	0.0319622	0.177732
65	2	3	0.0505475	0.390478
65	3	0	0.0388714	0
65	3	1	0.0422709	0.212745
65	3	2	0.041717	0.177732
65	3	3	0.0412567	0.390478
66	0	-1	0.5	0.1
66	1	-1	1	0.1
66	2	-1	0.5	0.1
66	3	-1	0	0.1
66	0	0	0.0336451	0
66	0	1	0.0420966	0.124323
66	0	2	0.0400262	0.325246
66	0	3	0.0455933	0.449569
66	1	0	0.0358581	0
66	1	1	0.0430932	0.124323
66	1	2	0.0406099	0.325246
66	1	3	0.0538612	0.449569
66	2	0	0.0328911	0
66	2	1	0.0399576	0.124323
66	2	2	0.0398364	0.325246
66	2	3	0.0477453	0.449569
66	3	0	0.0403019	0
66	3	1	0.0480576	0.124323
66	3	2	0.0411671	0.325246
66	3	3	0.043554	0.449569
67	0	-1	0.5	0.1
67	1	-1	1	0.1
67	2	-1	0.5	0.1
67	3	-1	0	0.1
67	0	0	0.0316737	0
67	0	1	0.0366294	0.161161
67	0	2	0.0461339	0.11434
67	0	3	0.0468384	0.275502
67	1	0	0.029181	0
67	1	1	0.0349892	0.161161
67	1	2	0.0393997	0.11434
67	1	3	0.0543989	0.275502
67	2	0	0.0297531	0
67	2	1	0.0354497	0.161161
67	2	2	0.0418697	0.11434
67	2	3	0.0523656	0.275502
67	3	0	0.038337	0
67	3	1	0.0406939	0.161161
67	3	2	0.0532284	0.11434
67	3	3	0.047532	0.275502
68	0	-1	0.5	0.1
68	1	-1	1	0.1
68	2	-1	0.5	0.1
68	3	-1	0	0.1
68	0	0	0.0278061	0
68	0	1	0.0345686	0.11034
68	0	2	0.0381834	0.130925
68	0	3	0.0436166	0.241265
68	1	0	0.0239088	0
68	1	1	0.0307507	0.11034
68	1	2	0.0299922	0.130925
68	1	3	0.0428185	0.241265
68	2	0	0.025287	0
68	2	1	0.0321273	0.11034
68	2	2	0.0332143	0.130925
68	2	3	0.0434257	0.241265
68	3	0	0.0348109	0
68	3	1	0.0407848	0.11034
68	3	2	0.0451707	0.130925
68	3	3	0.0457607	0.241265
69	0	-1	0.5	0.1
69	1	-1	1	0.1
69	2	-1	0.5	0.1
69	3	-1	0	0.1
69	0	0	0.0291859	0
69	0	1	0.0407528	0.0172827
69	0	2	0.0346984	0.0879924
69	0	3	0.0494819	0.105275
69	1	0	0.0308187	0
69	1	1	0.0419092	0.0172827
69	1	2	0.0318931	0.0879924
69	1	3	0.0439004	0.105275
69	2	0	0.0281888	0
69	2	1	0.0387812	0.0172827
69	2	2	0.0313185	0.0879924
69	2	3	0.0436881	0.105275
69	3	0	0.03497	0
69	3	1	0.0502008	0.0172827
69	3	2	0.0436774	0.0879924
69	3	3	0.0606304	0.105275
70	0	-1	0.5	0.1
70	1	-1	1	0.1
70	2	-1	0.5	0.1
70	3	-1	0	0.1
70	0	0	0.0356278	0
70	0	1	0.0404481	0.11902
70	0	2	0.0414023	0.124735
70	0	3	0.0471235	0.243755
70	1	0	0.0361809	0
70	1	1	0.041709	0.11902
70	1	2	0.0386034	0.124735
70	1	3	0.0466635	0.243755
70	2	0	0.0345891	0
70	2	1	0.0400155	0.11902
70	2	2	0.0390489	0.124735
70	2	3	0.0465993	0.243755
70	3	0	0.0409452	0
70	3	1	0.046059	0.11902
70	3	2	0.0488912	0.124735
70	3	3	0.050134	0.243755
71	0	-1	0.5	0.1
71	1	-1	1	0.1
71	2	-1	0.5	0.1
71	3	-1	0	0.1
71	0	0	0.0339847	0
71	0	1	0.0409586	0.217795
71	0	2	0.0424416	0.0478161
71	0	3	0.0486824	0.265611
71	1	0	0.0271201	0
71	1	1	0.0488545	0.217795
71	1	2	0.0313196	0.0478161
71	1	3	0.0583816	0.265611
71	2	0	0.029464	0
71	2	1	0.0462451	0.217795
71	2	2	0.0360727	0.0478161
71	2	3	0.0564262	0.265611
71	3	0	0.0405348	0
71	3	1	0.041253	0.217795
71	3	2	0.0522937	0.0478161
71	3	3	0.0493218	0.265611
72	0	-1	0.5	0.1
72	1	-1	1	0.1
72	2	-1	0.5	0.1
72	3	-1	0	0.1
72	0	0	0.0218512	0
72	0	1	0.0339317	0.10625
72	0	2	0.0359612	0.178233
72	0	3	0.0432817	0.284483
72	1	0	0.0160993	0
72	1	1	0.0272687	0.10625
72	1	2	0.0273472	0.178233
72	1	3	0.0498876	0.284483
72	2	0	0.0187968	0
72	2	1	0.0300082	0.10625
72	2	2	0.0315258	0.178233
72	2	3	0.0487726	0.284483
72	3	0	0.0296033	0
72	3	1	0.0400179	0.10625
72	3	2	0.0399391	0.178233
72	3	3	0.0419855	0.284483
73	0	-1	0.5	0.1
73	1	-1	1	0.1
73	2	-1	0.5	0.1
73	3	-1	0	0.1
73	0	0	0.030938	0
73	0	1	0.0363833	0.181971
73	0	2	0.0447412	0.10737
73	0	3	0.0461757	0.28934
73	1	0	0.0260462	0
73	1	1	0.0373269	0.181971
73	1	2	0.0364175	0.10737
73	1	3	0.05634	0.28934
73	2	0	0.02808	0
73	2	1	0.0369752	0.181971
73	2	2	0.0402002	0.10737
73	2	3	0.0528328	0.28934
73	3	0	0.0375926	0
73	3	1	0.0395846	0.181971
73	3	2	0.0521393	0.10737
73	3	3	0.0467196	0.28934
74	0	-1	0.5	0.1
74	1	-1	1	0.1
74	2	-1	0.5	0.1
74	3	-1	0	0.1
74	0	0	0.0271147	0
74	0	1	0.0336526	0.0163339
74	0	2	0.0398354	0.132201
74	0	3	0.0537286	0.148535
74	1	0	0.0260711	0
74	1	1	0.031009	0.0163339
74	1	2	0.0384999	0.132201
74	1	3	0.0519232	0.148535
74	2	0	0.026014	0
74	2	1	0.0315705	0.0163339
74	2	2	0.0371973	0.132201
74	2	3	0.0503294	0.148535
74	3	0	0.0340215	0
74	3	1	0.0436327	0.0163339
74	3	2	0.0474252	0.132201
74	3	3	0.0619328	0.148535
75	0	-1	0.5	0.1
75	1	-1	1	0.1
75	2	-1	0.5	0.1
75	3	-1	0	0.1
75	0	0	0.0301159	0
75	0	1	0.0362614	0.229532
75	0	2	0.0375295	0.033173
75	0	3	0.0446202	0.262705
75	1	0	0.0242977	0
75	1	1	0.0411827	0.229532
75	1	2	0.0267255	0.033173
75	1	3	0.0480012	0.262705
75	2	0	0.026262	0
75	2	1	0.0397216	0.229532
75	2	2	0.0309447	0.033173
75	2	3	0.0482007	0.262705
75	3	0	0.0365616	0
75	3	1	0.0364685	0.229532
75	3	2	0.0479312	0.033173
75	3	3	0.0444275	0.262705
76	0	-1	0.5	0.1
76	1	-1	1	0.1
76	2	-1	0.5	0.1
76	3	-1	0	0.1
76	0	0	0.0266508	0
76	0	1	0.032843	0.00325088
76	0	2	0.0351952	0.179599
76	0	3	0.0453349	0.18285
76	1	0	0.025969	0
76	1	1	0.0298685	0.00325088
76	1	2	0.0286476	0.179599
76	1	3	0.0350572	0.18285
76	2	0	0.0253829	0
76	2	1	0.0300538	0.00325088
76	2	2	0.0309305	0.179599
76	2	3	0.0386313	0.18285
76	3	0	0.0325667	0
76	3	1	0.0435751	0.00325088
76	3	2	0.0403562	0.179599
76	3	3	0.0501003	0.18285
77	0	-1	0.5	0.1
77	1	-1	1	0.1
77	2	-1	0.5	0.1
77	3	-1	0	0.1
77	0	0	0.0275843	0
77	0	1	0.0356555	0.125696
77	0	2	0.0380398	0.188143
77	0	3	0.0420476	0.313839
77	1	0	0.024536	0
77	1	1	0.0321473	0.125696
77	1	2	0.0314651	0.188143
77	1	3	0.0470403	0.313839
77	2	0	0.0252933	0
77	2	1	0.0331967	0.125696
77	2	2	0.0343941	0.188143
77	2	3	0.0457574	0.313839
77	3	0	0.034337	0
77	3	1	0.0408764	0.125696
77	3	2	0.0419102	0.188143
77	3	3	0.0405184	0.313839
78	0	-1	0.5	0.1
78	1	-1	1	0.1
78	2	-1	0.5	0.1
78	3	-1	0	0.1
78	0	0	0.0355164	0
78	0	1	0.0380224	0.144512
78	0	2	0.0408318	0.0743126
78	0	3	0.0437542	0.218824
78	1	0	0.0345452	0
78	1	1	0.036043	0.144512
78	1	2	0.036385	0.0743126
78	1	3	0.0404393	0.218824
78	2	0	0.033895	0
78	2	1	0.0361494	0.144512
78	2	2	0.0374379	0.0743126
78	2	3	0.041324	0.218824
78	3	0	0.0412638	0
78	3	1	0.0435128	0.144512
78	3	2	0.0500214	0.0743126
78	3	3	0.0486025	0.218824
79	0	-1	0.5	0.1
79	1	-1	1	0.1
79	2	-1	0.5	0.1
79	3	-1	0	0.1
79	0	0	0.0273437	0
79	0	1	0.0389844	0.067335
79	0	2	0.0355527	0.221091
79	0	3	0.0477216	0.288426
79	1	0	0.0262673	0
79	1	1	0.0371638	0.067335
79	1	2	0.031828	0.221091
79	1	3	0.0487323	0.288426
79	2	0	0.0256611	0
79	2	1	0.0363671	0.067335
79	2	2	0.0332498	0.221091
79	2	3	0.0484	0.288426
79	3	0	0.0328181	0
79	3	1	0.0466254	0.067335
79	3	2	0.0388193	0.221091
79	3	3	0.0474499	0.288426
80	0	-1	0.5	0.1
80	1	-1	1	0.1
80	2	-1	0.5	0.1
80	3	-1	0	0.1
80	0	0	0.026679	0
80	0	1	0.0371597	0.109873
80	0	2	0.0409722	0.16322
80	0	3	0.0465597	0.273093
80	1	0	0.0207675	0
80	1	1	0.0316741	0.109873
80	1	2	0.0341329	0.16322
80	1	3	0.0563968	0.273093
80	2	0	0.0235087	0
80	2	1	0.0339431	0.109873
80	2	2	0.037375	0.16322
80	2	3	0.0535982	0.273093
80	3	0	0.0345098	0
80	3	1	0.0429757	0.109873
80	3	2	0.046027	0.16322
80	3	3	0.0474421	0.273093
81	0	-1	0.5	0.1
81	1	-1	1	0.1
81	2	-1	0.5	0.1
81	3	-1	0	0.1
81	0	0	0.0358672	0
81	0	1	0.0411169	0.0626876
81	0	2	0.0418108	0.237149
81	0	3	0.0461455	0.299837
81	1	0	0.035615	0
81	1	1	0.0394434	0.0626876
81	1	2	0.0411643	0.237149
81	1	3	0.0486797	0.299837
81	2	0	0.034045	0
81	2	1	0.038569	0.0626876
81	2	2	0.0409666	0.237149
81	2	3	0.0474	0.299837
81	3	0	0.0408401	0
81	3	1	0.0478103	0.0626876
81	3	2	0.0448339	0.237149
81	3	3	0.0467921	0.299837
82	0	-1	0.5	0.1
82	1	-1	1	0.1
82	2	-1	0.5	0.1
82	3	-1	0	0.1
82	0	0	0.0322383	0
82	0	1	0.0424473	0.00769824
82	0	2	0.037052	0.262158
82	0	3	0.0477676	0.269856
82	1	0	0.0315412	0
82	1	1	0.0400407	0.00769824
82	1	2	0.0363244	0.262158
82	1	3	0.0482493	0.269856
82	2	0	0.0302454	0
82	2	1	0.0391054	0.00769824
82	2	2	0.0360115	0.262158
82	2	3	0.0475214	0.269856
82	3	0	0.0368624	0
82	3	1	0.0499211	0.00769824
82	3	2	0.0395661	0.262158
82	3	3	0.049664	0.269856
83	0	-1	0.5	0.1
83	1	-1	1	0.1
83	2	-1	0.5	0.1
83	3	-1	0	0.1
83	0	0	0.0299817	0
83	0	1	0.0366147	0.00526003
83	0	2	0.0384036	0.030397
83	0	3	0.0497993	0.035657
83	1	0	0.0297348	0
83	1	1	0.0354512	0.00526003
83	1	2	0.0356592	0.030397
83	1	3	0.0445448	0.035657
83	2	0	0.0279968	0
83	2	1	0.033766	0.00526003
83	2	2	0.0345858	0.030397
83	2	3	0.0438835	0.035657
83	3	0	0.036072	0
83	3	1	0.04517	0.00526003
83	3	2	0.048906	0.030397
83	3	3	0.0639687	0.035657
84	0	-1	0.5	0.1
84	1	-1	1	0.1
84	2	-1	0.5	0.1
84	3	-1	0	0.1
84	0	0	0.0305143	0
84	0	1	0.0354683	0.0354086
84	0	2	0.0382581	0.122188
84	0	3	0.0441302	0.157597
84	1	0	0.024993	0
84	1	1	0.0281286	0.0354086
84	1	2	0.030998	0.122188
84	1	3	0.0378391	0.157597
84	2	0	0.0269655	0
84	2	1	0.0308271	0.0354086
84	2	2	0.033487	0.122188
84	2	3	0.0396933	0.157597
84	3	0	0.0379191	0
84	3	1	0.0447514	0.0354086
84	3	2	0.0465336	0.122188
84	3	3	0.0521799	0.157597
85	0	-1	0.5	0.1
85	1	-1	1	0.1
85	2	-1	0.5	0.1
85	3	-1	0	0.1
85	0	0	0.0300368	0
85	0	1	0.0348417	0.0396303
85	0	2	0.0374467	0.336416
85	0	3	0.039911	0.376046
85	1	0	0.0312851	0
85	1	1	0.032596	0.0396303
85	1	2	0.0383579	0.336416
85	1	3	0.0454995	0.376046
85	2	0	0.0287858	0
85	2	1	0.0315754	0.0396303
85	2	2	0.0376328	0.336416
85	2	3	0.0430951	0.376046
85	3	0	0.036868	0
85	3	1	0.0433746	0.0396303
85	3	2	0.037602	0.336416
85	3	3	0.0384216	0.376046
86	0	-1	0.5	0.1
86	1	-1	1	0.1
86	2	-1	0.5	0.1
86	3	-1	0	0.1
86	0	0	0.0274116	0
86	0	1	0.0377676	0.156009
86	0	2	0.0389796	0.204642
86	0	3	0.0422782	0.360651
86	1	0	0.0231497	0
86	1	1	0.034841	0.156009
86	1	2	0.0314416	0.204642
86	1	3	0.0536162	0.360651
86	2	0	0.0245001	0
86	2	1	0.035838	0.156009
86	2	2	0.03516	0.204642
86	2	3	0.0497624	0.360651
86	3	0	0.0347666	0
86	3	1	0.0410631	0.156009
86	3	2	0.041684	0.204642
86	3	3	0.0386872	0.360651
87	0	-1	0.5	0.1
87	1	-1	1	0.1
87	2	-1	0.5	0.1
87	3	-1	0	0.1
87	0	0	0.0290183	0
87	0	1	0.0366022	0.0438233
87	0	2	0.0377566	0.00120618
87	0	3	0.0498574	0.0450295
87	1	0	0.0262486	0
87	1	1	0.0344531	0.0438233
87	1	2	0.0322511	0.00120618
87	1	3	0.0444773	0.0450295
87	2	0	0.026184	0
87	2	1	0.0335336	0.0438233
87	2	2	0.0330621	0.00120618
87	2	3	0.0443888	0.0450295
87	3	0	0.0358083	0
87	3	1	0.0446232	0.0438233
87	3	2	0.0495199	0.00120618
87	3	3	0.0643224	0.0450295
88	0	-1	0.5	0.1
88	1	-1	1	0.1
88	2	-1	0.5	0.1
88	3	-1	0	0.1
88	0	0	0.0254935	0
88	0	1	0.0316227	0.191984
88	0	2	0.0384047	0.030902
88	0	3	0.0447125	0.222886
88	1	0	0.0181726	0
88	1	1	0.0337128	0.191984
88	1	2	0.024044	0.030902
88	1	3	0.047299	0.222886
88	2	0	0.021706	0
88	2	1	0.0335016	0.191984
88	2	2	0.0302004	0.030902
88	2	3	0.0476849	0.222886
88	3	0	0.0328939	0
88	3	1	0.0335981	0.191984
88	3	2	0.0497458	0.030902
88	3	3	0.0464888	0.222886
89	0	-1	0.5	0.1
89	1	-1	1	0.1
89	2	-1	0.5	0.1
89	3	-1	0	0.1
89	0	0	0.0276683	0
89	0	1	0.0402601	0.176516
89	0	2	0.0418534	0.155716
89	0	3	0.0500727	0.332232
89	1	0	0.0218536	0
89	1	1	0.0407981	0.176516
89	1	2	0.0312531	0.155716
89	1	3	0.0630422	0.332232
89	2	0	0.0242712	0
89	2	1	0.0409076	0.176516
89	2	2	0.03638	0.155716
89	2	3	0.0589717	0.332232
89	3	0	0.034932	0
89	3	1	0.0425755	0.176516
89	3	2	0.0472961	0.155716
89	3	3	0.0461836	0.332232
90	0	-1	0.5	0.1
90	1	-1	1	0.1
90	2	-1	0.5	0.1
90	3	-1	0	0.1
90	0	0	0.0312901	0
90	0	1	0.0417903	0.198419
90	0	2	0.0441105	0.243103
90	0	3	0.0451528	0.441522
90	1	0	0.0290351	0
90	1	1	0.0398159	0.198419
90	1	2	0.0369365	0.243103
90	1	3	0.0604158	0.441522
90	2	0	0.0288306	0
90	2	1	0.0398602	0.198419
90	2	2	0.0401213	0.243103
90	2	3	0.0535589	0.441522
90	3	0	0.03845	0
90	3	1	0.0437868	0.198419
90	3	2	0.0449633	0.243103
90	3	3	0.0394052	0.441522
91	0	-1	0.5	0.1
91	1	-1	1	0.1
91	2	-1	0.5	0.1
91	3	-1	0	0.1
91	0	0	0.021994	0
91	0	1	0.035162	0.028101
91	0	2	0.0337613	0.0761435
91	0	3	0.0550906	0.104245
91	1	0	0.0205446	0
91	1	1	0.0329775	0.028101
91	1	2	0.0284234	0.0761435
91	1	3	0.0473014	0.104245
91	2	0	0.0205574	0
91	2	1	0.0323356	0.028101
91	2	2	0.0291907	0.0761435
91	2	3	0.0474379	0.104245
91	3	0	0.0289296	0
91	3	1	0.044933	0.028101
91	3	2	0.04338	0.0761435
91	3	3	0.0659074	0.104245
92	0	-1	0.5	0.1
92	1	-1	1	0.1
92	2	-1	0.5	0.1
92	3	-1	0	0.1
92	0	0	0.0275695	0
92	0	1	0.0335717	0.144024
92	0	2	0.0368346	0.124469
92	0	3	0.0431874	0.268493
92	1	0	0.026303	0
92	1	1	0.0323228	0.144024
92	1	2	0.0295641	0.124469
92	1	3	0.0405359	0.268493
92	2	0	0.0260113	0
92	2	1	0.032297	0.144024
92	2	2	0.0319164	0.124469
92	2	3	0.0416336	0.268493
92	3	0	0.0336581	0
92	3	1	0.0386552	0.144024
92	3	2	0.0445657	0.124469
92	3	3	0.043461	0.268493
93	0	-1	0.5	0.1
93	1	-1	1	0.1
93	2	-1	0.5	0.1
93	3	-1	0	0.1
93	0	0	0.0293489	0
93	0	1	0.0366792	0.0837206
93	0	2	0.0358987	0.231305
93	0	3	0.0433005	0.315025
93	1	0	0.029197	0
93	1	1	0.0358874	0.0837206
93	1	2	0.0317708	0.231305
93	1	3	0.0430336	0.315025
93	2	0	0.0280898	0
93	2	1	0.0348484	0.0837206
93	2	2	0.0331626	0.231305
93	2	3	0.0428308	0.315025
93	3	0	0.0351433	0
93	3	1	0.0438686	0.0837206
93	3	2	0.0391684	0.231305
93	3	3	0.0427365	0.315025
94	0	-1	0.5	0.1
94	1	-1	1	0.1
94	2	-1	0.5	0.1
94	3	-1	0	0.1
94	0	0	0.0235618	0
94	0	1	0.0352881	0.0129482
94	0	2	0.0338088	0.18439
94	0	3	0.0464323	0.197338
94	1	0	0.0162194	0
94	1	1	0.0233473	0.0129482
94	1	2	0.0298379	0.18439
94	1	3	0.0470826	0.197338
94	2	0	0.020319	0
94	2	1	0.0289512	0.0129482
94	2	2	0.0313851	0.18439
94	2	3	0.047017	0.197338
94	3	0	0.031315	0
94	3	1	0.0454585	0.0129482
94	3	2	0.0387259	0.18439
94	3	3	0.0515465	0.197338
95	0	-1	0.5	0.1
95	1	-1	1	0.1
95	2	-1	0.5	0.1
95	3	-1	0	0.1
95	0	0	0.0328365	0
95	0	1	0.0367402	0.0395
95	0	2	0.0398062	0.118753
95	0	3	0.0446425	0.158253
95	1	0	0.0294411	0
95	1	1	0.0317986	0.0395
95	1	2	0.0345388	0.118753
95	1	3	0.0398249	0.158253
95	2	0	0.0300244	0
95	2	1	0.0330101	0.0395
95	2	2	0.0358377	0.118753
95	2	3	0.0408765	0.158253
95	3	0	0.0395919	0
95	3	1	0.0455615	0.0395
95	3	2	0.0483704	0.118753
95	3	3	0.053027	0.158253
96	0	-1	0.5	0.1
96	1	-1	1	0.1
96	2	-1	0.5	0.1
96	3	-1	0	0.1
96	0	0	0.0253793	0
96	0	1	0.0349765	0.0815475
96	0	2	0.0400071	0.196263
96	0	3	0.0463012	0.277811
96	1	0	0.0216715	0
96	1	1	0.0277217	0.0815475
96	1	2	0.0351755	0.196263
96	1	3	0.0523146	0.277811
96	2	0	0.0231496	0
96	2	1	0.0302459	0.0815475
96	2	2	0.0372753	0.196263
96	2	3	0.0513905	0.277811
96	3	0	0.0323854	0
96	3	1	0.0422757	0.0815475
96	3	2	0.0429955	0.196263
96	3	3	0.0455018	0.277811
97	0	-1	0.5	0.1
97	1	-1	1	0.1
97	2	-1	0.5	0.1
97	3	-1	0	0.1
97	0	0	0.0231506	0
97	0	1	0.0343336	0.044957
97	0	2	0.0341	0.180392
97	0	3	0.0439031	0.225349
97	1	0	0.016376	0
97	1	1	0.0240404	0.044957
97	1	2	0.0280199	0.180392
97	1	3	0.0447301	0.225349
97	2	0	0.0200021	0
97	2	1	0.0286567	0.044957
97	2	2	0.0310635	0.180392
97	2	3	0.0452287	0.225349
97	3	0	0.0310162	0
97	3	1	0.0434979	0.044957
97	3	2	0.0386703	0.180392
97	3	3	0.0469067	0.225349
98	0	-1	0.5	0.1
98	1	-1	1	0.1
98	2	-1	0.5	0.1
98	3	-1	0	0.1
98	0	0	0.0335939	0
98	0	1	0.0378718	0.201135
98	0	2	0.0410157	0.125925
98	0	3	0.042853	0.32706
98	1	0	0.0314913	0
98	1	1	0.038581	0.201135
98	1	2	0.0346793	0.125925
98	1	3	0.0472605	0.32706
98	2	0	0.0314006	0
98	2	1	0.0380874	0.201135
98	2	2	0.0369277	0.125925
98	2	3	0.0457107	0.32706
98	3	0	0.039575	0
98	3	1	0.0402844	0.201135
98	3	2	0.0473346	0.125925
98	3	3	0.0418038	0.32706
99	0	-1	0.5	0.1
99	1	-1	1	0.1
99	2	-1	0.5	0.1
99	3	-1	0	0.1
99	0	0	0.0200199	0
99	0	1	0.025887	0.335875
99	0	2	0.0389347	0.0860813
99	0	3	0.0357668	0.421956
99	1	0	0.0171737	0
99	1	1	0.0282682	0.335875
99	1	2	0.0224104	0.0860813
99	1	3	0.0505556	0.421956
99	2	0	0.0175584	0
99	2	1	0.028411	0.335875
99	2	2	0.0288773	0.0860813
99	2	3	0.0476275	0.421956
99	3	0	0.0275446	0
99	3	1	0.0236246	0.335875
99	3	2	0.0448369	0.0860813
99	3	3	0.0277752	0.421956
