0	0	-1	0.5	0.1
0	1	-1	0.562667	0.1
0	2	-1	0.624345	0.1
0	3	-1	0.684062	0.1
0	4	-1	0.740877	0.1
0	5	-1	0.793893	0.1
0	6	-1	0.842274	0.1
0	7	-1	0.885257	0.1
0	8	-1	0.922164	0.1
0	9	-1	0.952414	0.1
0	10	-1	0.975528	0.1
0	11	-1	0.991144	0.1
0	12	-1	0.999013	0.1
0	13	-1	0.999013	0.1
0	14	-1	0.991144	0.1
0	15	-1	0.975528	0.1
0	16	-1	0.952414	0.1
0	17	-1	0.922164	0.1
0	18	-1	0.885257	0.1
0	19	-1	0.842274	0.1
0	20	-1	0.793893	0.1
0	21	-1	0.740877	0.1
0	22	-1	0.684062	0.1
0	23	-1	0.624345	0.1
0	24	-1	0.562667	0.1
0	25	-1	0.5	0.1
0	26	-1	0.437333	0.1
0	27	-1	0.375655	0.1
0	28	-1	0.315938	0.1
0	29	-1	0.259123	0.1
0	30	-1	0.206107	0.1
0	31	-1	0.157726	0.1
0	32	-1	0.114743	0.1
0	33	-1	0.077836	0.1
0	34	-1	0.0475865	0.1
0	35	-1	0.0244717	0.1
0	36	-1	0.00885637	0.1
0	37	-1	0.000986636	0.1
0	38	-1	0.000986636	0.1
0	39	-1	0.00885637	0.1
0	40	-1	0.0244717	0.1
0	41	-1	0.0475865	0.1
0	42	-1	0.077836	0.1
0	43	-1	0.114743	0.1
0	44	-1	0.157726	0.1
0	45	-1	0.206107	0.1
0	46	-1	0.259123	0.1
0	47	-1	0.315938	0.1
0	48	-1	0.375655	0.1
0	49	-1	0.437333	0.1
0	0	0	0.0261572	0
0	0	1	0.0384463	0.136158
0	0	2	0.0399169	0.148639
0	0	3	0.0506385	0.284797
0	1	0	0.0251089	0
0	1	1	0.0381404	0.136158
0	1	2	0.0384209	0.148639
0	1	3	0.0523303	0.284797
0	2	0	0.024253	0
0	2	1	0.0379035	0.136158
0	2	2	0.0370011	0.148639
0	2	3	0.0541818	0.284797
0	3	0	0.023578	0
0	3	1	0.0377387	0.136158
0	3	2	0.0356217	0.148639
0	3	3	0.0561641	0.284797
0	4	0	0.0230625	0
0	4	1	0.0376636	0.136158
0	4	2	0.0342619	0.148639
0	4	3	0.0582002	0.284797
0	5	0	0.0226844	0
0	5	1	0.0376899	0.136158
0	5	2	0.0329451	0.148639
0	5	3	0.0601711	0.284797
0	6	0	0.0224232	0
0	6	1	0.0378073	0.136158
0	6	2	0.0317318	0.148639
0	6	3	0.0619511	0.284797
0	7	0	0.0222587	0
0	7	1	0.0379853	0.136158
0	7	2	0.0306864	0.148639
0	7	3	0.0634516	0.284797
0	8	0	0.0221677	0
0	8	1	0.0381863	0.136158
0	8	2	0.0298451	0.148639
0	8	3	0.0646429	0.284797
0	9	0	0.0221266	0
0	9	1	0.0383785	0.136158
0	9	2	0.0292091	0.148639
0	9	3	0.0655415	0.284797
0	10	0	0.0221142	0
0	10	1	0.0385401	0.136158
0	10	2	0.0287564	0.148639
0	10	3	0.0661848	0.284797
0	11	0	0.0221145	0
0	11	1	0.0386586	0.136158
0	11	2	0.0284589	0.148639
0	11	3	0.0666102	0.284797
0	12	0	0.0221171	0
0	12	1	0.0387273	0.136158
0	12	2	0.0282924	0.148639
0	12	3	0.066847	0.284797
0	13	0	0.0221165	0
0	13	1	0.038744	0.136158
0	13	2	0.0282409	0.148639
0	13	3	0.0669138	0.284797
0	14	0	0.0221112	0
0	14	1	0.0387095	0.136158
0	14	2	0.0282965	0.148639
0	14	3	0.0668209	0.284797
0	15	0	0.0221039	0
0	15	1	0.0386275	0.136158
0	15	2	0.0284587	0.148639
0	15	3	0.0665711	0.284797
0	16	0	0.0221007	0
0	16	1	0.0385043	0.136158
0	16	2	0.0287337	0.148639
0	16	3	0.0661615	0.284797
0	17	0	0.0221118	0
0	17	1	0.0383498	0.136158
0	17	2	0.0291327	0.148639
0	17	3	0.0655849	0.284797
0	18	0	0.022151	0
0	18	1	0.0381778	0.136158
0	18	2	0.0296705	0.148639
0	18	3	0.0648306	0.284797
0	19	0	0.0222369	0
0	19	1	0.0380067	0.136158
0	19	2	0.0303632	0.148639
0	19	3	0.0638866	0.284797
0	20	0	0.0223917	0
0	20	1	0.0378592	0.136158
0	20	2	0.0312253	0.148639
0	20	3	0.0627419	0.284797
0	21	0	0.022641	0
0	21	1	0.0377614	0.136158
0	21	2	0.0322652	0.148639
0	21	3	0.06139	0.284797
0	22	0	0.0230124	0
0	22	1	0.0377398	0.136158
0	22	2	0.0334803	0.148639
0	22	3	0.0598346	0.284797
0	23	0	0.0235332	0
0	23	1	0.0378171	0.136158
0	23	2	0.0348539	0.148639
0	23	3	0.0580948	0.284797
0	24	0	0.0242276	0
0	24	1	0.038007	0.136158
0	24	2	0.036355	0.148639
0	24	3	0.0562109	0.284797
0	25	0	0.025114	0
0	25	1	0.0383095	0.136158
0	25	2	0.037943	0.148639
0	25	3	0.0542444	0.284797
0	26	0	0.0262027	0
0	26	1	0.0387109	0.136158
0	26	2	0.0395767	0.148639
0	26	3	0.0522722	0.284797
0	27	0	0.0274925	0
0	27	1	0.0391878	0.136158
0	27	2	0.0412215	0.148639
0	27	3	0.0503727	0.284797
0	28	0	0.028968	0
0	28	1	0.0397139	0.136158
0	28	2	0.0428494	0.148639
0	28	3	0.0486118	0.284797
0	29	0	0.0305977	0
0	29	1	0.0402652	0.136158
0	29	2	0.044432	0.148639
0	29	3	0.0470341	0.284797
0	30	0	0.0323355	0
0	30	1	0.0408235	0.136158
0	30	2	0.0459332	0.148639
0	30	3	0.045663	0.284797
0	31	0	0.0341248	0
0	31	1	0.0413747	0.136158
0	31	2	0.047309	0.148639
0	31	3	0.0445048	0.284797
0	32	0	0.0359029	0
0	32	1	0.0419058	0.136158
0	32	2	0.048515	0.148639
0	32	3	0.0435537	0.284797
0	33	0	0.0376027	0
0	33	1	0.042402	0.136158
0	33	2	0.0495176	0.148639
0	33	3	0.0427952	0.284797
0	34	0	0.0391522	0
0	34	1	0.0428457	0.136158
0	34	2	0.0503013	0.148639
0	34	3	0.0422104	0.284797
0	35	0	0.0404752	0
0	35	1	0.0432184	0.136158
0	35	2	0.0508691	0.148639
0	35	3	0.0417791	0.284797
0	36	0	0.0414969	0
0	36	1	0.0435044	0.136158
0	36	2	0.0512373	0.148639
0	36	3	0.041484	0.284797
0	37	0	0.0421511	0
0	37	1	0.0436924	0.136158
0	37	2	0.0514283	0.148639
0	37	3	0.0413126	0.284797
0	38	0	0.0423895	0
0	38	1	0.0437758	0.136158
0	38	2	0.0514627	0.148639
0	38	3	0.0412582	0.284797
0	39	0	0.042188	0
0	39	1	0.0437514	0.136158
0	39	2	0.0513552	0.148639
0	39	3	0.0413192	0.284797
0	40	0	0.0415509	0
0	40	1	0.0436171	0.136158
0	40	2	0.0511116	0.148639
0	40	3	0.0414988	0.284797
0	41	0	0.0405123	0
0	41	1	0.0433711	0.136158
0	41	2	0.050729	0.148639
0	41	3	0.0418032	0.284797
0	42	0	0.0391342	0
0	42	1	0.0430115	0.136158
0	42	2	0.0501959	0.148639
0	42	3	0.0422394	0.284797
0	43	0	0.0375026	0
0	43	1	0.042539	0.136158
0	43	2	0.0494939	0.148639
0	43	3	0.0428131	0.284797
0	44	0	0.0357181	0
0	44	1	0.0419627	0.136158
0	44	2	0.0486016	0.148639
0	44	3	0.0435261	0.284797
0	45	0	0.033882	0
0	45	1	0.0413066	0.136158
0	45	2	0.0475031	0.148639
0	45	3	0.0443764	0.284797
0	46	0	0.032081	0
0	46	1	0.0406131	0.136158
0	46	2	0.0461991	0.148639
0	46	3	0.0453601	0.284797
0	47	0	0.030377	0
0	47	1	0.0399382	0.136158
0	47	2	0.0447189	0.148639
0	47	3	0.0464746	0.284797
0	48	0	0.0288073	0
0	48	1	0.0393358	0.136158
0	48	2	0.0431242	0.148639
0	48	3	0.0477211	0.284797
0	49	0	0.0273947	0
0	49	1	0.0388382	0.136158
0	49	2	0.0414979	0.148639
0	49	3	0.0491058	0.284797
1	0	-1	0.5	0.1
1	1	-1	0.562667	0.1
1	2	-1	0.624345	0.1
1	3	-1	0.684062	0.1
1	4	-1	0.740877	0.1
1	5	-1	0.793893	0.1
1	6	-1	0.842274	0.1
1	7	-1	0.885257	0.1
1	8	-1	0.922164	0.1
1	9	-1	0.952414	0.1
1	10	-1	0.975528	0.1
1	11	-1	0.991144	0.1
1	12	-1	0.999013	0.1
1	13	-1	0.999013	0.1
1	14	-1	0.991144	0.1
1	15	-1	0.975528	0.1
1	16	-1	0.952414	0.1
1	17	-1	0.922164	0.1
1	18	-1	0.885257	0.1
1	19	-1	0.842274	0.1
1	20	-1	0.793893	0.1
1	21	-1	0.740877	0.1
1	22	-1	0.684062	0.1
1	23	-1	0.624345	0.1
1	24	-1	0.562667	0.1
1	25	-1	0.5	0.1
1	26	-1	0.437333	0.1
1	27	-1	0.375655	0.1
1	28	-1	0.315938	0.1
1	29	-1	0.259123	0.1
1	30	-1	0.206107	0.1
1	31	-1	0.157726	0.1
1	32	-1	0.114743	0.1
1	33	-1	0.077836	0.1
1	34	-1	0.0475865	0.1
1	35	-1	0.0244717	0.1
1	36	-1	0.00885637	0.1
1	37	-1	0.000986636	0.1
1	38	-1	0.000986636	0.1
1	39	-1	0.00885637	0.1
1	40	-1	0.0244717	0.1
1	41	-1	0.0475865	0.1
1	42	-1	0.077836	0.1
1	43	-1	0.114743	0.1
1	44	-1	0.157726	0.1
1	45	-1	0.206107	0.1
1	46	-1	0.259123	0.1
1	47	-1	0.315938	0.1
1	48	-1	0.375655	0.1
1	49	-1	0.437333	0.1
1	0	0	0.0271194	0
1	0	1	0.034821	0.157698
1	0	2	0.0400054	0.152949
1	0	3	0.0423128	0.310647
1	1	0	0.0259281	0
1	1	1	0.03435	0.157698
1	1	2	0.0388359	0.152949
1	1	3	0.0438401	0.310647
1	2	0	0.0249705	0
1	2	1	0.0339423	0.157698
1	2	2	0.0375408	0.152949
1	2	3	0.0456843	0.310647
1	3	0	0.0242272	0
1	3	1	0.0336134	0.157698
1	3	2	0.036106	0.152949
1	3	3	0.0477528	0.310647
1	4	0	0.0236718	0
1	4	1	0.0333769	0.157698
1	4	2	0.0345781	0.152949
1	4	3	0.049905	0.310647
1	5	0	0.0232817	0
1	5	1	0.0332343	0.157698
1	5	2	0.0330588	0.152949
1	5	3	0.0519666	0.310647
1	6	0	0.0230348	0
1	6	1	0.0331723	0.157698
1	6	2	0.0316712	0.152949
1	6	3	0.0537745	0.310647
1	7	0	0.0229027	0
1	7	1	0.0331679	0.157698
1	7	2	0.0305108	0.152949
1	7	3	0.0552299	0.310647
1	8	0	0.0228511	0
1	8	1	0.0331967	0.157698
1	8	2	0.0296148	0.152949
1	8	3	0.0563195	0.310647
1	9	0	0.0228472	0
1	9	1	0.0332392	0.157698
1	9	2	0.0289666	0.152949
1	9	3	0.0570905	0.310647
1	10	0	0.0228651	0
1	10	1	0.0332822	0.157698
1	10	2	0.0285241	0.152949
1	10	3	0.05761	0.310647
1	11	0	0.0228877	0
1	11	1	0.0333177	0.157698
1	11	2	0.0282437	0.152949
1	11	3	0.0579364	0.310647
1	12	0	0.022905	0
1	12	1	0.0333413	0.157698
1	12	2	0.0280921	0.152949
1	12	3	0.0581104	0.310647
1	13	0	0.0229125	0
1	13	1	0.0333514	0.157698
1	13	2	0.0280493	0.152949
1	13	3	0.058156	0.310647
1	14	0	0.02291	0
1	14	1	0.0333488	0.157698
1	14	2	0.0281062	0.152949
1	14	3	0.0580843	0.310647
1	15	0	0.0229012	0
1	15	1	0.0333371	0.157698
1	15	2	0.0282634	0.152949
1	15	3	0.0578961	0.310647
1	16	0	0.0228941	0
1	16	1	0.0333224	0.157698
1	16	2	0.0285295	0.152949
1	16	3	0.0575839	0.310647
1	17	0	0.0229005	0
1	17	1	0.0333136	0.157698
1	17	2	0.0289195	0.152949
1	17	3	0.0571329	0.310647
1	18	0	0.0229368	0
1	18	1	0.0333219	0.157698
1	18	2	0.0294532	0.152949
1	18	3	0.0565214	0.310647
1	19	0	0.0230239	0
1	19	1	0.0333602	0.157698
1	19	2	0.0301523	0.152949
1	19	3	0.0557218	0.310647
1	20	0	0.0231866	0
1	20	1	0.0334417	0.157698
1	20	2	0.0310365	0.152949
1	20	3	0.0547039	0.310647
1	21	0	0.0234526	0
1	21	1	0.0335778	0.157698
1	21	2	0.0321172	0.152949
1	21	3	0.0534401	0.310647
1	22	0	0.0238506	0
1	22	1	0.0337755	0.157698
1	22	2	0.0333901	0.152949
1	22	3	0.0519167	0.310647
1	23	0	0.0244085	0
1	23	1	0.0340363	0.157698
1	23	2	0.0348289	0.152949
1	23	3	0.0501488	0.310647
1	24	0	0.0251507	0
1	24	1	0.0343562	0.157698
1	24	2	0.0363829	0.152949
1	24	3	0.0481966	0.310647
1	25	0	0.0260961	0
1	25	1	0.0347291	0.157698
1	25	2	0.0379833	0.152949
1	25	3	0.0461715	0.310647
1	26	0	0.0272547	0
1	26	1	0.0351511	0.157698
1	26	2	0.0395577	0.152949
1	26	3	0.0442205	0.310647
1	27	0	0.028623	0
1	27	1	0.0356216	0.157698
1	27	2	0.0410471	0.152949
1	27	3	0.0424894	0.310647
1	28	0	0.0301796	0
1	28	1	0.0361425	0.157698
1	28	2	0.0424177	0.152949
1	28	3	0.0410822	0.310647
1	29	0	0.0318823	0
1	29	1	0.0367139	0.157698
1	29	2	0.043661	0.152949
1	29	3	0.0400398	0.310647
1	30	0	0.0336702	0
1	30	1	0.0373321	0.157698
1	30	2	0.0447863	0.152949
1	30	3	0.0393476	0.310647
1	31	0	0.035472	0
1	31	1	0.037989	0.157698
1	31	2	0.0458101	0.152949
1	31	3	0.0389582	0.310647
1	32	0	0.0372149	0
1	32	1	0.0386726	0.157698
1	32	2	0.0467474	0.152949
1	32	3	0.0388129	0.310647
1	33	0	0.038832	0
1	33	1	0.039365	0.157698
1	33	2	0.0476045	0.152949
1	33	3	0.0388534	0.310647
1	34	0	0.0402633	0
1	34	1	0.0400397	0.157698
1	34	2	0.0483757	0.152949
1	34	3	0.0390242	0.310647
1	35	0	0.041454	0
1	35	1	0.0406619	0.157698
1	35	2	0.0490435	0.152949
1	35	3	0.0392725	0.310647
1	36	0	0.0423528	0
1	36	1	0.0411906	0.157698
1	36	2	0.0495825	0.152949
1	36	3	0.0395486	0.310647
1	37	0	0.0429152	0
1	37	1	0.0415858	0.157698
1	37	2	0.0499654	0.152949
1	37	3	0.0398098	0.310647
1	38	0	0.0431083	0
1	38	1	0.0418132	0.157698
1	38	2	0.0501678	0.152949
1	38	3	0.0400229	0.310647
1	39	0	0.0429165	0
1	39	1	0.0418487	0.157698
1	39	2	0.050171	0.152949
1	39	3	0.040167	0.310647
1	40	0	0.0423464	0
1	40	1	0.0416803	0.157698
1	40	2	0.0499621	0.152949
1	40	3	0.0402329	0.310647
1	41	0	0.0414274	0
1	41	1	0.041308	0.157698
1	41	2	0.0495339	0.152949
1	41	3	0.0402217	0.310647
1	42	0	0.0402097	0
1	42	1	0.0407463	0.157698
1	42	2	0.0488863	0.152949
1	42	3	0.0401433	0.310647
1	43	0	0.0387572	0
1	43	1	0.0400254	0.157698
1	43	2	0.0480299	0.152949
1	43	3	0.0400169	0.310647
1	44	0	0.037138	0
1	44	1	0.0391928	0.157698
1	44	2	0.0469927	0.152949
1	44	3	0.0398735	0.310647
1	45	0	0.0354143	0
1	45	1	0.0383103	0.157698
1	45	2	0.0458246	0.152949
1	45	3	0.0397608	0.310647
1	46	0	0.0336394	0
1	46	1	0.0374447	0.157698
1	46	2	0.0445951	0.152949
1	46	3	0.0397472	0.310647
1	47	0	0.0318626	0
1	47	1	0.0366503	0.157698
1	47	2	0.0433762	0.152949
1	47	3	0.0399188	0.310647
1	48	0	0.0301399	0
1	48	1	0.035954	0.157698
1	48	2	0.0422144	0.152949
1	48	3	0.0403638	0.310647
1	49	0	0.0285374	0
1	49	1	0.035351	0.157698
1	49	2	0.0411075	0.152949
1	49	3	0.0411511	0.310647
2	0	-1	0.5	0.1
2	1	-1	0.562667	0.1
2	2	-1	0.624345	0.1
2	3	-1	0.684062	0.1
2	4	-1	0.740877	0.1
2	5	-1	0.793893	0.1
2	6	-1	0.842274	0.1
2	7	-1	0.885257	0.1
2	8	-1	0.922164	0.1
2	9	-1	0.952414	0.1
2	10	-1	0.975528	0.1
2	11	-1	0.991144	0.1
2	12	-1	0.999013	0.1
2	13	-1	0.999013	0.1
2	14	-1	0.991144	0.1
2	15	-1	0.975528	0.1
2	16	-1	0.952414	0.1
2	17	-1	0.922164	0.1
2	18	-1	0.885257	0.1
2	19	-1	0.842274	0.1
2	20	-1	0.793893	0.1
2	21	-1	0.740877	0.1
2	22	-1	0.684062	0.1
2	23	-1	0.624345	0.1
2	24	-1	0.562667	0.1
2	25	-1	0.5	0.1
2	26	-1	0.437333	0.1
2	27	-1	0.375655	0.1
2	28	-1	0.315938	0.1
2	29	-1	0.259123	0.1
2	30	-1	0.206107	0.1
2	31	-1	0.157726	0.1
2	32	-1	0.114743	0.1
2	33	-1	0.077836	0.1
2	34	-1	0.0475865	0.1
2	35	-1	0.0244717	0.1
2	36	-1	0.00885637	0.1
2	37	-1	0.000986636	0.1
2	38	-1	0.000986636	0.1
2	39	-1	0.00885637	0.1
2	40	-1	0.0244717	0.1
2	41	-1	0.0475865	0.1
2	42	-1	0.077836	0.1
2	43	-1	0.114743	0.1
2	44	-1	0.157726	0.1
2	45	-1	0.206107	0.1
2	46	-1	0.259123	0.1
2	47	-1	0.315938	0.1
2	48	-1	0.375655	0.1
2	49	-1	0.437333	0.1
2	0	0	0.0317571	0
2	0	1	0.0389496	0.276322
2	0	2	0.046904	0.143462
2	0	3	0.0470045	0.419784
2	1	0	0.0307804	0
2	1	1	0.0392791	0.276322
2	1	2	0.0444289	0.143462
2	1	3	0.0498157	0.419784
2	2	0	0.0300753	0
2	2	1	0.0396338	0.276322
2	2	2	0.0417519	0.143462
2	2	3	0.0528705	0.419784
2	3	0	0.0297345	0
2	3	1	0.0399795	0.276322
2	3	2	0.0392253	0.143462
2	3	3	0.0558944	0.419784
2	4	0	0.0297904	0
2	4	1	0.0402758	0.276322
2	4	2	0.0372142	0.143462
2	4	3	0.0585409	0.419784
2	5	0	0.0301521	0
2	5	1	0.0404989	0.276322
2	5	2	0.0358935	0.143462
2	5	3	0.0605718	0.419784
2	6	0	0.0306563	0
2	6	1	0.0406568	0.276322
2	6	2	0.0351793	0.143462
2	6	3	0.0619729	0.419784
2	7	0	0.0311695	0
2	7	1	0.0407758	0.276322
2	7	2	0.0348633	0.143462
2	7	3	0.0628818	0.419784
2	8	0	0.0316237	0
2	8	1	0.0408769	0.276322
2	8	2	0.0347617	0.143462
2	8	3	0.0634584	0.419784
2	9	0	0.0319943	0
2	9	1	0.0409666	0.276322
2	9	2	0.0347596	0.143462
2	9	3	0.0638221	0.419784
2	10	0	0.0322749	0
2	10	1	0.0410419	0.276322
2	10	2	0.0347941	0.143462
2	10	3	0.0640495	0.419784
2	11	0	0.0324653	0
2	11	1	0.0410969	0.276322
2	11	2	0.0348327	0.143462
2	11	3	0.0641868	0.419784
2	12	0	0.0325672	0
2	12	1	0.0411269	0.276322
2	12	2	0.034859	0.143462
2	12	3	0.064261	0.419784
2	13	0	0.0325822	0
2	13	1	0.0411287	0.276322
2	13	2	0.0348657	0.143462
2	13	3	0.0642859	0.419784
2	14	0	0.032512	0
2	14	1	0.0411014	0.276322
2	14	2	0.0348518	0.143462
2	14	3	0.0642653	0.419784
2	15	0	0.0323575	0
2	15	1	0.0410456	0.276322
2	15	2	0.0348215	0.143462
2	15	3	0.064195	0.419784
2	16	0	0.0321204	0
2	16	1	0.0409636	0.276322
2	16	2	0.0347847	0.143462
2	16	3	0.0640619	0.419784
2	17	0	0.0318038	0
2	17	1	0.0408594	0.276322
2	17	2	0.0347586	0.143462
2	17	3	0.0638433	0.419784
2	18	0	0.0314147	0
2	18	1	0.0407389	0.276322
2	18	2	0.0347701	0.143462
2	18	3	0.0635038	0.419784
2	19	0	0.030967	0
2	19	1	0.0406098	0.276322
2	19	2	0.0348607	0.143462
2	19	3	0.0629926	0.419784
2	20	0	0.0304868	0
2	20	1	0.0404808	0.276322
2	20	2	0.0350907	0.143462
2	20	3	0.0622404	0.419784
2	21	0	0.0300186	0
2	21	1	0.0403598	0.276322
2	21	2	0.0355449	0.143462
2	21	3	0.0611587	0.419784
2	22	0	0.029633	0
2	22	1	0.0402494	0.276322
2	22	2	0.0363341	0.143462
2	22	3	0.0596464	0.419784
2	23	0	0.0294316	0
2	23	1	0.0401405	0.276322
2	23	2	0.0375863	0.143462
2	23	3	0.0576112	0.419784
2	24	0	0.0295404	0
2	24	1	0.040005	0.276322
2	24	2	0.0394129	0.143462
2	24	3	0.0550147	0.419784
2	25	0	0.0300783	0
2	25	1	0.0397988	0.276322
2	25	2	0.0418369	0.143462
2	25	3	0.0519402	0.419784
2	26	0	0.0310956	0
2	26	1	0.0394843	0.276322
2	26	2	0.0447022	0.143462
2	26	3	0.0486427	0.419784
2	27	0	0.0325176	0
2	27	1	0.0390681	0.276322
2	27	2	0.0476483	0.143462
2	27	3	0.0455027	0.419784
2	28	0	0.0341646	0
2	28	1	0.0386135	0.276322
2	28	2	0.0502423	0.143462
2	28	3	0.0428569	0.419784
2	29	0	0.0358585	0
2	29	1	0.0382018	0.276322
2	29	2	0.0521942	0.143462
2	29	3	0.0408411	0.419784
2	30	0	0.0375078	0
2	30	1	0.0378856	0.276322
2	30	2	0.0534488	0.143462
2	30	3	0.0393957	0.419784
2	31	0	0.0390956	0
2	31	1	0.0376773	0.276322
2	31	2	0.0541095	0.143462
2	31	3	0.0383848	0.419784
2	32	0	0.0406204	0
2	32	1	0.0375658	0.276322
2	32	2	0.0543293	0.143462
2	32	3	0.0376872	0.419784
2	33	0	0.0420581	0
2	33	1	0.0375308	0.276322
2	33	2	0.0542545	0.143462
2	33	3	0.0372176	0.419784
2	34	0	0.0433578	0
2	34	1	0.0375502	0.276322
2	34	2	0.0540098	0.143462
2	34	3	0.0369164	0.419784
2	35	0	0.0444571	0
2	35	1	0.0376023	0.276322
2	35	2	0.0536951	0.143462
2	35	3	0.0367379	0.419784
2	36	0	0.0452985	0
2	36	1	0.0376681	0.276322
2	36	2	0.0533826	0.143462
2	36	3	0.0366461	0.419784
2	37	0	0.0458408	0
2	37	1	0.0377331	0.276322
2	37	2	0.0531168	0.143462
2	37	3	0.0366141	0.419784
2	38	0	0.0460611	0
2	38	1	0.0377882	0.276322
2	38	2	0.0529188	0.143462
2	38	3	0.0366256	0.419784
2	39	0	0.045951	0
2	39	1	0.0378299	0.276322
2	39	2	0.0527931	0.143462
2	39	3	0.0366744	0.419784
2	40	0	0.0455132	0
2	40	1	0.0378588	0.276322
2	40	2	0.052733	0.143462
2	40	3	0.0367648	0.419784
2	41	0	0.0447584	0
2	41	1	0.037879	0.276322
2	41	2	0.0527248	0.143462
2	41	3	0.0369106	0.419784
2	42	0	0.0437064	0
2	42	1	0.0378968	0.276322
2	42	2	0.0527469	0.143462
2	42	3	0.0371358	0.419784
2	43	0	0.0423899	0
2	43	1	0.0379201	0.276322
2	43	2	0.0527677	0.143462
2	43	3	0.0374741	0.419784
2	44	0	0.0408599	0
2	44	1	0.0379576	0.276322
2	44	2	0.0527398	0.143462
2	44	3	0.0379689	0.419784
2	45	0	0.0391908	0
2	45	1	0.0380189	0.276322
2	45	2	0.0525957	0.143462
2	45	3	0.0386712	0.419784
2	46	0	0.0374776	0
2	46	1	0.0381129	0.276322
2	46	2	0.052246	0.143462
2	46	3	0.0396349	0.419784
2	47	0	0.0358194	0
2	47	1	0.0382479	0.276322
2	47	2	0.0515866	0.143462
2	47	3	0.0409117	0.419784
2	48	0	0.0342933	0
2	48	1	0.0384304	0.276322
2	48	2	0.0505156	0.143462
2	48	3	0.0425455	0.419784
2	49	0	0.032936	0
2	49	1	0.0386643	0.276322
2	49	2	0.0489598	0.143462
2	49	3	0.0445708	0.419784
3	0	-1	0.5	0.1
3	1	-1	0.562667	0.1
3	2	-1	0.624345	0.1
3	3	-1	0.684062	0.1
3	4	-1	0.740877	0.1
3	5	-1	0.793893	0.1
3	6	-1	0.842274	0.1
3	7	-1	0.885257	0.1
3	8	-1	0.922164	0.1
3	9	-1	0.952414	0.1
3	10	-1	0.975528	0.1
3	11	-1	0.991144	0.1
3	12	-1	0.999013	0.1
3	13	-1	0.999013	0.1
3	14	-1	0.991144	0.1
3	15	-1	0.975528	0.1
3	16	-1	0.952414	0.1
3	17	-1	0.922164	0.1
3	18	-1	0.885257	0.1
3	19	-1	0.842274	0.1
3	20	-1	0.793893	0.1
3	21	-1	0.740877	0.1
3	22	-1	0.684062	0.1
3	23	-1	0.624345	0.1
3	24	-1	0.562667	0.1
3	25	-1	0.5	0.1
3	26	-1	0.437333	0.1
3	27	-1	0.375655	0.1
3	28	-1	0.315938	0.1
3	29	-1	0.259123	0.1
3	30	-1	0.206107	0.1
3	31	-1	0.157726	0.1
3	32	-1	0.114743	0.1
3	33	-1	0.077836	0.1
3	34	-1	0.0475865	0.1
3	35	-1	0.0244717	0.1
3	36	-1	0.00885637	0.1
3	37	-1	0.000986636	0.1
3	38	-1	0.000986636	0.1
3	39	-1	0.00885637	0.1
3	40	-1	0.0244717	0.1
3	41	-1	0.0475865	0.1
3	42	-1	0.077836	0.1
3	43	-1	0.114743	0.1
3	44	-1	0.157726	0.1
3	45	-1	0.206107	0.1
3	46	-1	0.259123	0.1
3	47	-1	0.315938	0.1
3	48	-1	0.375655	0.1
3	49	-1	0.437333	0.1
3	0	0	0.0225422	0
3	0	1	0.0321913	0.0988934
3	0	2	0.0325796	0.171616
3	0	3	0.0394493	0.270509
3	1	0	0.0209338	0
3	1	1	0.0307778	0.0988934
3	1	2	0.0314193	0.171616
3	1	3	0.0394482	0.270509
3	2	0	0.0196692	0
3	2	1	0.0295821	0.0988934
3	2	2	0.030501	0.171616
3	2	3	0.0401204	0.270509
3	3	0	0.0186921	0
3	3	1	0.0285762	0.0988934
3	3	2	0.0296314	0.171616
3	3	3	0.0412429	0.270509
3	4	0	0.0179375	0
3	4	1	0.0277742	0.0988934
3	4	2	0.0287016	0.171616
3	4	3	0.042599	0.270509
3	5	0	0.0173479	0
3	5	1	0.0271902	0.0988934
3	5	2	0.0276935	0.171616
3	5	3	0.0440108	0.270509
3	6	0	0.0168816	0
3	6	1	0.0268092	0.0988934
3	6	2	0.0266548	0.171616
3	6	3	0.0453438	0.270509
3	7	0	0.0165127	0
3	7	1	0.0265889	0.0988934
3	7	2	0.0256604	0.171616
3	7	3	0.04651	0.270509
3	8	0	0.0162263	0
3	8	1	0.0264785	0.0988934
3	8	2	0.0247781	0.171616
3	8	3	0.0474671	0.270509
3	9	0	0.0160118	0
3	9	1	0.0264344	0.0988934
3	9	2	0.0240501	0.171616
3	9	3	0.0482087	0.270509
3	10	0	0.0158596	0
3	10	1	0.0264266	0.0988934
3	10	2	0.0234921	0.171616
3	10	3	0.0487502	0.270509
3	11	0	0.0157611	0
3	11	1	0.0264368	0.0988934
3	11	2	0.0231026	0.171616
3	11	3	0.0491145	0.270509
3	12	0	0.0157093	0
3	12	1	0.0264556	0.0988934
3	12	2	0.0228725	0.171616
3	12	3	0.0493234	0.270509
3	13	0	0.0157003	0
3	13	1	0.0264798	0.0988934
3	13	2	0.0227924	0.171616
3	13	3	0.0493933	0.270509
3	14	0	0.0157333	0
3	14	1	0.0265109	0.0988934
3	14	2	0.0228556	0.171616
3	14	3	0.0493342	0.270509
3	15	0	0.0158114	0
3	15	1	0.0265546	0.0988934
3	15	2	0.0230594	0.171616
3	15	3	0.0491497	0.270509
3	16	0	0.0159411	0
3	16	1	0.0266206	0.0988934
3	16	2	0.0234044	0.171616
3	16	3	0.0488391	0.270509
3	17	0	0.0161327	0
3	17	1	0.0267226	0.0988934
3	17	2	0.0238928	0.171616
3	17	3	0.0483977	0.270509
3	18	0	0.0163991	0
3	18	1	0.0268783	0.0988934
3	18	2	0.0245258	0.171616
3	18	3	0.0478195	0.270509
3	19	0	0.0167557	0
3	19	1	0.0271081	0.0988934
3	19	2	0.0253005	0.171616
3	19	3	0.0470993	0.270509
3	20	0	0.0172184	0
3	20	1	0.0274342	0.0988934
3	20	2	0.0262057	0.171616
3	20	3	0.0462361	0.270509
3	21	0	0.0178032	0
3	21	1	0.0278781	0.0988934
3	21	2	0.0272195	0.171616
3	21	3	0.0452377	0.270509
3	22	0	0.0185244	0
3	22	1	0.0284576	0.0988934
3	22	2	0.0283077	0.171616
3	22	3	0.0441267	0.270509
3	23	0	0.0193944	0
3	23	1	0.0291847	0.0988934
3	23	2	0.0294287	0.171616
3	23	3	0.0429452	0.270509
3	24	0	0.0204242	0
3	24	1	0.030063	0.0988934
3	24	2	0.0305423	0.171616
3	24	3	0.0417585	0.270509
3	25	0	0.021623	0
3	25	1	0.0310875	0.0988934
3	25	2	0.0316236	0.171616
3	25	3	0.0406533	0.270509
3	26	0	0.0229968	0
3	26	1	0.0322475	0.0988934
3	26	2	0.0326761	0.171616
3	26	3	0.0397289	0.270509
3	27	0	0.0245461	0
3	27	1	0.0335325	0.0988934
3	27	2	0.0337373	0.171616
3	27	3	0.039084	0.270509
3	28	0	0.0262637	0
3	28	1	0.0349421	0.0988934
3	28	2	0.0348728	0.171616
3	28	3	0.038803	0.270509
3	29	0	0.0281354	0
3	29	1	0.0364914	0.0988934
3	29	2	0.0361587	0.171616
3	29	3	0.0389451	0.270509
3	30	0	0.0301402	0
3	30	1	0.0382072	0.0988934
3	30	2	0.0376581	0.171616
3	30	3	0.0395361	0.270509
3	31	0	0.0322462	0
3	31	1	0.04011	0.0988934
3	31	2	0.0393959	0.171616
3	31	3	0.0405584	0.270509
3	32	0	0.0344028	0
3	32	1	0.0421852	0.0988934
3	32	2	0.0413378	0.171616
3	32	3	0.0419401	0.270509
3	33	0	0.0365309	0
3	33	1	0.0443588	0.0988934
3	33	2	0.043382	0.171616
3	33	3	0.04355	0.270509
3	34	0	0.0385218	0
3	34	1	0.0464946	0.0988934
3	34	2	0.0453744	0.171616
3	34	3	0.0452132	0.270509
3	35	0	0.0402523	0
3	35	1	0.0484244	0.0988934
3	35	2	0.0471483	0.171616
3	35	3	0.0467524	0.270509
3	36	0	0.0416109	0
3	36	1	0.0499962	0.0988934
3	36	2	0.0485736	0.171616
3	36	3	0.0480354	0.270509
3	37	0	0.0425206	0
3	37	1	0.0511121	0.0988934
3	37	2	0.0495843	0.171616
3	37	3	0.0490008	0.270509
3	38	0	0.0429445	0
3	38	1	0.0517332	0.0988934
3	38	2	0.0501732	0.171616
3	38	3	0.0496496	0.270509
3	39	0	0.0428793	0
3	39	1	0.0518612	0.0988934
3	39	2	0.0503646	0.171616
3	39	3	0.050015	0.270509
3	40	0	0.0423442	0
3	40	1	0.0515135	0.0988934
3	40	2	0.0501873	0.171616
3	40	3	0.050134	0.270509
3	41	0	0.041373	0
3	41	1	0.0507082	0.0988934
3	41	2	0.0496574	0.171616
3	41	3	0.0500287	0.270509
3	42	0	0.0400099	0
3	42	1	0.049461	0.0988934
3	42	2	0.0487725	0.171616
3	42	3	0.0496982	0.270509
3	43	0	0.0383061	0
3	43	1	0.0477929	0.0988934
3	43	2	0.0475139	0.171616
3	43	3	0.049117	0.270509
3	44	0	0.0363162	0
3	44	1	0.0457448	0.0988934
3	44	2	0.0458582	0.171616
3	44	3	0.04824	0.270509
3	45	0	0.0340964	0
3	45	1	0.0433936	0.0988934
3	45	2	0.0438015	0.171616
3	45	3	0.0470198	0.270509
3	46	0	0.0317081	0
3	46	1	0.040864	0.0988934
3	46	2	0.0413999	0.171616
3	46	3	0.0454446	0.270509
3	47	0	0.0292316	0
3	47	1	0.0383236	0.0988934
3	47	2	0.0388138	0.171616
3	47	3	0.0436036	0.270509
3	48	0	0.0267838	0
3	48	1	0.0359551	0.0988934
3	48	2	0.0363132	0.171616
3	48	3	0.0417459	0.270509
3	49	0	0.0245112	0
3	49	1	0.033898	0.0988934
3	49	2	0.0341863	0.171616
3	49	3	0.0402499	0.270509
4	0	-1	0.5	0.1
4	1	-1	0.562667	0.1
4	2	-1	0.624345	0.1
4	3	-1	0.684062	0.1
4	4	-1	0.740877	0.1
4	5	-1	0.793893	0.1
4	6	-1	0.842274	0.1
4	7	-1	0.885257	0.1
4	8	-1	0.922164	0.1
4	9	-1	0.952414	0.1
4	10	-1	0.975528	0.1
4	11	-1	0.991144	0.1
4	12	-1	0.999013	0.1
4	13	-1	0.999013	0.1
4	14	-1	0.991144	0.1
4	15	-1	0.975528	0.1
4	16	-1	0.952414	0.1
4	17	-1	0.922164	0.1
4	18	-1	0.885257	0.1
4	19	-1	0.842274	0.1
4	20	-1	0.793893	0.1
4	21	-1	0.740877	0.1
4	22	-1	0.684062	0.1
4	23	-1	0.624345	0.1
4	24	-1	0.562667	0.1
4	25	-1	0.5	0.1
4	26	-1	0.437333	0.1
4	27	-1	0.375655	0.1
4	28	-1	0.315938	0.1
4	29	-1	0.259123	0.1
4	30	-1	0.206107	0.1
4	31	-1	0.157726	0.1
4	32	-1	0.114743	0.1
4	33	-1	0.077836	0.1
4	34	-1	0.0475865	0.1
4	35	-1	0.0244717	0.1
4	36	-1	0.00885637	0.1
4	37	-1	0.000986636	0.1
4	38	-1	0.000986636	0.1
4	39	-1	0.00885637	0.1
4	40	-1	0.0244717	0.1
4	41	-1	0.0475865	0.1
4	42	-1	0.077836	0.1
4	43	-1	0.114743	0.1
4	44	-1	0.157726	0.1
4	45	-1	0.206107	0.1
4	46	-1	0.259123	0.1
4	47	-1	0.315938	0.1
4	48	-1	0.375655	0.1
4	49	-1	0.437333	0.1
4	0	0	0.0284381	0
4	0	1	0.0369142	0.0152253
4	0	2	0.0348055	0.19156
4	0	3	0.0438149	0.206785
4	1	0	0.0277455	0
4	1	1	0.0356887	0.0152253
4	1	2	0.0342154	0.19156
4	1	3	0.0435055	0.206785
4	2	0	0.0272168	0
4	2	1	0.0346632	0.0152253
4	2	2	0.0337783	0.19156
4	2	3	0.0434211	0.206785
4	3	0	0.0268598	0
4	3	1	0.0338554	0.0152253
4	3	2	0.0334653	0.19156
4	3	3	0.0435205	0.206785
4	4	0	0.0266845	0
4	4	1	0.0333055	0.0152253
4	4	2	0.0332489	0.19156
4	4	3	0.0437622	0.206785
4	5	0	0.0266786	0
4	5	1	0.0330404	0.0152253
4	5	2	0.0331005	0.19156
4	5	3	0.0441022	0.206785
4	6	0	0.0267943	0
4	6	1	0.0330319	0.0152253
4	6	2	0.0329926	0.19156
4	6	3	0.0444942	0.206785
4	7	0	0.0269671	0
4	7	1	0.0331988	0.0152253
4	7	2	0.0329045	0.19156
4	7	3	0.0448948	0.206785
4	8	0	0.0271446	0
4	8	1	0.0334474	0.0152253
4	8	2	0.032826	0.19156
4	8	3	0.0452698	0.206785
4	9	0	0.027298	0
4	9	1	0.0337063	0.0152253
4	9	2	0.0327552	0.19156
4	9	3	0.0455965	0.206785
4	10	0	0.0274154	0
4	10	1	0.0339323	0.0152253
4	10	2	0.0326923	0.19156
4	10	3	0.0458614	0.206785
4	11	0	0.0274926	0
4	11	1	0.0341027	0.0152253
4	11	2	0.0326371	0.19156
4	11	3	0.0460572	0.206785
4	12	0	0.0275281	0
4	12	1	0.0342066	0.0152253
4	12	2	0.0325882	0.19156
4	12	3	0.0461805	0.206785
4	13	0	0.0275217	0
4	13	1	0.0342402	0.0152253
4	13	2	0.0325443	0.19156
4	13	3	0.0462311	0.206785
4	14	0	0.0274749	0
4	14	1	0.0342044	0.0152253
4	14	2	0.0325054	0.19156
4	14	3	0.0462107	0.206785
4	15	0	0.0273905	0
4	15	1	0.0341042	0.0152253
4	15	2	0.0324727	0.19156
4	15	3	0.046123	0.206785
4	16	0	0.027274	0
4	16	1	0.0339493	0.0152253
4	16	2	0.0324499	0.19156
4	16	3	0.0459736	0.206785
4	17	0	0.027134	0
4	17	1	0.033755	0.0152253
4	17	2	0.0324432	0.19156
4	17	3	0.0457709	0.206785
4	18	0	0.0269834	0
4	18	1	0.0335437	0.0152253
4	18	2	0.0324617	0.19156
4	18	3	0.0455269	0.206785
4	19	0	0.0268408	0
4	19	1	0.0333473	0.0152253
4	19	2	0.032518	0.19156
4	19	3	0.0452577	0.206785
4	20	0	0.0267316	0
4	20	1	0.033209	0.0152253
4	20	2	0.0326275	0.19156
4	20	3	0.0449846	0.206785
4	21	0	0.0266879	0
4	21	1	0.033183	0.0152253
4	21	2	0.0328072	0.19156
4	21	3	0.0447329	0.206785
4	22	0	0.0267471	0
4	22	1	0.0333324	0.0152253
4	22	2	0.0330732	0.19156
4	22	3	0.0445297	0.206785
4	23	0	0.0269465	0
4	23	1	0.0337202	0.0152253
4	23	2	0.0334357	0.19156
4	23	3	0.0443997	0.206785
4	24	0	0.0273152	0
4	24	1	0.0343949	0.0152253
4	24	2	0.0338959	0.19156
4	24	3	0.0443609	0.206785
4	25	0	0.0278649	0
4	25	1	0.0353738	0.0152253
4	25	2	0.0344448	0.19156
4	25	3	0.0444231	0.206785
4	26	0	0.0285869	0
4	26	1	0.0366361	0.0152253
4	26	2	0.0350708	0.19156
4	26	3	0.0445943	0.206785
4	27	0	0.0294604	0
4	27	1	0.0381351	0.0152253
4	27	2	0.0357722	0.19156
4	27	3	0.0448912	0.206785
4	28	0	0.0304672	0
4	28	1	0.0398244	0.0152253
4	28	2	0.0365639	0.19156
4	28	3	0.0453422	0.206785
4	29	0	0.0315995	0
4	29	1	0.0416745	0.0152253
4	29	2	0.0374706	0.19156
4	29	3	0.0459776	0.206785
4	30	0	0.0328522	0
4	30	1	0.0436661	0.0152253
4	30	2	0.0385083	0.19156
4	30	3	0.046811	0.206785
4	31	0	0.0342083	0
4	31	1	0.0457682	0.0152253
4	31	2	0.0396683	0.19156
4	31	3	0.047825	0.206785
4	32	0	0.0356277	0
4	32	1	0.0479202	0.0152253
4	32	2	0.0409117	0.19156
4	32	3	0.0489686	0.206785
4	33	0	0.0370453	0
4	33	1	0.0500287	0.0152253
4	33	2	0.0421738	0.19156
4	33	3	0.0501652	0.206785
4	34	0	0.0383796	0
4	34	1	0.0519794	0.0152253
4	34	2	0.0433763	0.19156
4	34	3	0.0513272	0.206785
4	35	0	0.0395447	0
4	35	1	0.0536545	0.0152253
4	35	2	0.0444413	0.19156
4	35	3	0.0523709	0.206785
4	36	0	0.0404633	0
4	36	1	0.0549494	0.0152253
4	36	2	0.0453032	0.19156
4	36	3	0.0532287	0.206785
4	37	0	0.0410752	0
4	37	1	0.0557839	0.0152253
4	37	2	0.0459146	0.19156
4	37	3	0.0538536	0.206785
4	38	0	0.0413425	0
4	38	1	0.0561084	0.0152253
4	38	2	0.0462464	0.19156
4	38	3	0.0542178	0.206785
4	39	0	0.0412488	0
4	39	1	0.0559041	0.0152253
4	39	2	0.0462839	0.19156
4	39	3	0.0543074	0.206785
4	40	0	0.0407978	0
4	40	1	0.0551825	0.0152253
4	40	2	0.0460216	0.19156
4	40	3	0.054116	0.206785
4	41	0	0.0400108	0
4	41	1	0.053983	0.0152253
4	41	2	0.0454604	0.19156
4	41	3	0.0536412	0.206785
4	42	0	0.0389262	0
4	42	1	0.0523714	0.0152253
4	42	2	0.0446092	0.19156
4	42	3	0.0528851	0.206785
4	43	0	0.0376	0
4	43	1	0.0504384	0.0152253
4	43	2	0.0434911	0.19156
4	43	3	0.0518611	0.206785
4	44	0	0.0361081	0
4	44	1	0.0482968	0.0152253
4	44	2	0.0421541	0.19156
4	44	3	0.0506064	0.206785
4	45	0	0.0345441	0
4	45	1	0.0460732	0.0152253
4	45	2	0.04068	0.19156
4	45	3	0.0491953	0.206785
4	46	0	0.0330095	0
4	46	1	0.0438906	0.0152253
4	46	2	0.0391825	0.19156
4	46	3	0.0477438	0.206785
4	47	0	0.0315931	0
4	47	1	0.0418444	0.0152253
4	47	2	0.0377824	0.19156
4	47	3	0.046389	0.206785
4	48	0	0.0303508	0
4	48	1	0.039989	0.0152253
4	48	2	0.0365698	0.19156
4	48	3	0.0452488	0.206785
4	49	0	0.0293015	0
4	49	1	0.0383449	0.0152253
4	49	2	0.0355806	0.19156
4	49	3	0.0443877	0.206785
5	0	-1	0.5	0.1
5	1	-1	0.562667	0.1
5	2	-1	0.624345	0.1
5	3	-1	0.684062	0.1
5	4	-1	0.740877	0.1
5	5	-1	0.793893	0.1
5	6	-1	0.842274	0.1
5	7	-1	0.885257	0.1
5	8	-1	0.922164	0.1
5	9	-1	0.952414	0.1
5	10	-1	0.975528	0.1
5	11	-1	0.991144	0.1
5	12	-1	0.999013	0.1
5	13	-1	0.999013	0.1
5	14	-1	0.991144	0.1
5	15	-1	0.975528	0.1
5	16	-1	0.952414	0.1
5	17	-1	0.922164	0.1
5	18	-1	0.885257	0.1
5	19	-1	0.842274	0.1
5	20	-1	0.793893	0.1
5	21	-1	0.740877	0.1
5	22	-1	0.684062	0.1
5	23	-1	0.624345	0.1
5	24	-1	0.562667	0.1
5	25	-1	0.5	0.1
5	26	-1	0.437333	0.1
5	27	-1	0.375655	0.1
5	28	-1	0.315938	0.1
5	29	-1	0.259123	0.1
5	30	-1	0.206107	0.1
5	31	-1	0.157726	0.1
5	32	-1	0.114743	0.1
5	33	-1	0.077836	0.1
5	34	-1	0.0475865	0.1
5	35	-1	0.0244717	0.1
5	36	-1	0.00885637	0.1
5	37	-1	0.000986636	0.1
5	38	-1	0.000986636	0.1
5	39	-1	0.00885637	0.1
5	40	-1	0.0244717	0.1
5	41	-1	0.0475865	0.1
5	42	-1	0.077836	0.1
5	43	-1	0.114743	0.1
5	44	-1	0.157726	0.1
5	45	-1	0.206107	0.1
5	46	-1	0.259123	0.1
5	47	-1	0.315938	0.1
5	48	-1	0.375655	0.1
5	49	-1	0.437333	0.1
5	0	0	0.0266645	0
5	0	1	0.0320514	0.124072
5	0	2	0.0337353	0.0863935
5	0	3	0.0394577	0.210465
5	1	0	0.0253723	0
5	1	1	0.0311106	0.124072
5	1	2	0.0317309	0.0863935
5	1	3	0.0386289	0.210465
5	2	0	0.0243884	0
5	2	1	0.0304757	0.124072
5	2	2	0.0300268	0.0863935
5	2	3	0.0380536	0.210465
5	3	0	0.0236572	0
5	3	1	0.030098	0.124072
5	3	2	0.0286093	0.0863935
5	3	3	0.0376652	0.210465
5	4	0	0.023125	0
5	4	1	0.029927	0.124072
5	4	2	0.0274532	0.0863935
5	4	3	0.0374205	0.210465
5	5	0	0.0227488	0
5	5	1	0.0299145	0.124072
5	5	2	0.0265284	0.0863935
5	5	3	0.0372893	0.210465
5	6	0	0.0224947	0
5	6	1	0.0300122	0.124072
5	6	2	0.0258049	0.0863935
5	6	3	0.0372428	0.210465
5	7	0	0.0223349	0
5	7	1	0.0301733	0.124072
5	7	2	0.0252551	0.0863935
5	7	3	0.0372514	0.210465
5	8	0	0.0222444	0
5	8	1	0.0303562	0.124072
5	8	2	0.0248521	0.0863935
5	8	3	0.0372883	0.210465
5	9	0	0.0222007	0
5	9	1	0.0305299	0.124072
5	9	2	0.0245689	0.0863935
5	9	3	0.037334	0.210465
5	10	0	0.0221852	0
5	10	1	0.0306756	0.124072
5	10	2	0.0243803	0.0863935
5	10	3	0.0373778	0.210465
5	11	0	0.0221846	0
5	11	1	0.0307851	0.124072
5	11	2	0.0242656	0.0863935
5	11	3	0.037416	0.210465
5	12	0	0.0221908	0
5	12	1	0.030857	0.124072
5	12	2	0.0242102	0.0863935
5	12	3	0.0374493	0.210465
5	13	0	0.0222001	0
5	13	1	0.0308933	0.124072
5	13	2	0.0242061	0.0863935
5	13	3	0.0374803	0.210465
5	14	0	0.0222127	0
5	14	1	0.0308979	0.124072
5	14	2	0.0242514	0.0863935
5	14	3	0.0375124	0.210465
5	15	0	0.0222323	0
5	15	1	0.0308763	0.124072
5	15	2	0.0243497	0.0863935
5	15	3	0.0375498	0.210465
5	16	0	0.0222656	0
5	16	1	0.0308357	0.124072
5	16	2	0.0245098	0.0863935
5	16	3	0.0375968	0.210465
5	17	0	0.0223228	0
5	17	1	0.0307851	0.124072
5	17	2	0.0247456	0.0863935
5	17	3	0.0376586	0.210465
5	18	0	0.0224171	0
5	18	1	0.0307357	0.124072
5	18	2	0.0250751	0.0863935
5	18	3	0.0377403	0.210465
5	19	0	0.0225651	0
5	19	1	0.0307011	0.124072
5	19	2	0.0255203	0.0863935
5	19	3	0.0378469	0.210465
5	20	0	0.0227857	0
5	20	1	0.0306975	0.124072
5	20	2	0.0261054	0.0863935
5	20	3	0.0379832	0.210465
5	21	0	0.0231006	0
5	21	1	0.0307436	0.124072
5	21	2	0.0268558	0.0863935
5	21	3	0.0381538	0.210465
5	22	0	0.0235332	0
5	22	1	0.0308616	0.124072
5	22	2	0.027796	0.0863935
5	22	3	0.0383644	0.210465
5	23	0	0.0241085	0
5	23	1	0.0310764	0.124072
5	23	2	0.0289476	0.0863935
5	23	3	0.0386238	0.210465
5	24	0	0.0248518	0
5	24	1	0.0314162	0.124072
5	24	2	0.0303281	0.0863935
5	24	3	0.0389469	0.210465
5	25	0	0.0257877	0
5	25	1	0.0319094	0.124072
5	25	2	0.0319485	0.0863935
5	25	3	0.0393567	0.210465
5	26	0	0.0269358	0
5	26	1	0.0325818	0.124072
5	26	2	0.0338111	0.0863935
5	26	3	0.0398836	0.210465
5	27	0	0.0283073	0
5	27	1	0.0334518	0.124072
5	27	2	0.0359076	0.0863935
5	27	3	0.0405619	0.210465
5	28	0	0.0299001	0
5	28	1	0.0345271	0.124072
5	28	2	0.0382179	0.0863935
5	28	3	0.041424	0.210465
5	29	0	0.0316962	0
5	29	1	0.0358035	0.124072
5	29	2	0.0407094	0.0863935
5	29	3	0.0424929	0.210465
5	30	0	0.0336588	0
5	30	1	0.0372619	0.124072
5	30	2	0.0433364	0.0863935
5	30	3	0.0437735	0.210465
5	31	0	0.0357307	0
5	31	1	0.0388656	0.124072
5	31	2	0.0460387	0.0863935
5	31	3	0.0452445	0.210465
5	32	0	0.0378341	0
5	32	1	0.0405562	0.124072
5	32	2	0.0487381	0.0863935
5	32	3	0.0468528	0.210465
5	33	0	0.0398742	0
5	33	1	0.0422541	0.124072
5	33	2	0.0513374	0.0863935
5	33	3	0.0485144	0.210465
5	34	0	0.0417473	0
5	34	1	0.0438644	0.124072
5	34	2	0.0537242	0.0863935
5	34	3	0.0501258	0.210465
5	35	0	0.0433527	0
5	35	1	0.0452895	0.124072
5	35	2	0.0557815	0.0863935
5	35	3	0.0515815	0.210465
5	36	0	0.0446047	0
5	36	1	0.0464438	0.124072
5	36	2	0.0574015	0.0863935
5	36	3	0.0527918	0.210465
5	37	0	0.0454408	0
5	37	1	0.0472636	0.124072
5	37	2	0.058499	0.0863935
5	37	3	0.0536936	0.210465
5	38	0	0.0458248	0
5	38	1	0.0477109	0.124072
5	38	2	0.0590177	0.0863935
5	38	3	0.0542509	0.210465
5	39	0	0.0457456	0
5	39	1	0.04777	0.124072
5	39	2	0.0589312	0.0863935
5	39	3	0.0544474	0.210465
5	40	0	0.0452137	0
5	40	1	0.0474418	0.124072
5	40	2	0.0582399	0.0863935
5	40	3	0.0542774	0.210465
5	41	0	0.0442562	0
5	41	1	0.0467389	0.124072
5	41	2	0.0569685	0.0863935
5	41	3	0.0537389	0.210465
5	42	0	0.0429127	0
5	42	1	0.0456825	0.124072
5	42	2	0.0551651	0.0863935
5	42	3	0.0528322	0.210465
5	43	0	0.0412319	0
5	43	1	0.0443041	0.124072
5	43	2	0.0529017	0.0863935
5	43	3	0.0515647	0.210465
5	44	0	0.0392702	0
5	44	1	0.0426482	0.124072
5	44	2	0.0502742	0.0863935
5	44	3	0.0499626	0.210465
5	45	0	0.037095	0
5	45	1	0.0407793	0.124072
5	45	2	0.0474006	0.0863935
5	45	3	0.0480867	0.210465
5	46	0	0.0347913	0
5	46	1	0.0387885	0.124072
5	46	2	0.0444135	0.0863935
5	46	3	0.0460479	0.210465
5	47	0	0.0324698	0
5	47	1	0.0367952	0.124072
5	47	2	0.0414489	0.0863935
5	47	3	0.0440084	0.210465
5	48	0	0.0302634	0
5	48	1	0.0349353	0.124072
5	48	2	0.0386282	0.0863935
5	48	3	0.042151	0.210465
5	49	0	0.0283005	0
5	49	1	0.03333	0.124072
5	49	2	0.0360405	0.0863935
5	49	3	0.0406179	0.210465
6	0	-1	0.5	0.1
6	1	-1	0.562667	0.1
6	2	-1	0.624345	0.1
6	3	-1	0.684062	0.1
6	4	-1	0.740877	0.1
6	5	-1	0.793893	0.1
6	6	-1	0.842274	0.1
6	7	-1	0.885257	0.1
6	8	-1	0.922164	0.1
6	9	-1	0.952414	0.1
6	10	-1	0.975528	0.1
6	11	-1	0.991144	0.1
6	12	-1	0.999013	0.1
6	13	-1	0.999013	0.1
6	14	-1	0.991144	0.1
6	15	-1	0.975528	0.1
6	16	-1	0.952414	0.1
6	17	-1	0.922164	0.1
6	18	-1	0.885257	0.1
6	19	-1	0.842274	0.1
6	20	-1	0.793893	0.1
6	21	-1	0.740877	0.1
6	22	-1	0.684062	0.1
6	23	-1	0.624345	0.1
6	24	-1	0.562667	0.1
6	25	-1	0.5	0.1
6	26	-1	0.437333	0.1
6	27	-1	0.375655	0.1
6	28	-1	0.315938	0.1
6	29	-1	0.259123	0.1
6	30	-1	0.206107	0.1
6	31	-1	0.157726	0.1
6	32	-1	0.114743	0.1
6	33	-1	0.077836	0.1
6	34	-1	0.0475865	0.1
6	35	-1	0.0244717	0.1
6	36	-1	0.00885637	0.1
6	37	-1	0.000986636	0.1
6	38	-1	0.000986636	0.1
6	39	-1	0.00885637	0.1
6	40	-1	0.0244717	0.1
6	41	-1	0.0475865	0.1
6	42	-1	0.077836	0.1
6	43	-1	0.114743	0.1
6	44	-1	0.157726	0.1
6	45	-1	0.206107	0.1
6	46	-1	0.259123	0.1
6	47	-1	0.315938	0.1
6	48	-1	0.375655	0.1
6	49	-1	0.437333	0.1
6	0	0	0.0277282	0
6	0	1	0.0384747	0.189486
6	0	2	0.0408966	0.131837
6	0	3	0.0486862	0.321322
6	1	0	0.0263725	0
6	1	1	0.0389903	0.189486
6	1	2	0.0387382	0.131837
6	1	3	0.0511462	0.321322
6	2	0	0.0252217	0
6	2	1	0.0394948	0.189486
6	2	2	0.0365494	0.131837
6	2	3	0.0536688	0.321322
6	3	0	0.0242863	0
6	3	1	0.0399592	0.189486
6	3	2	0.0344193	0.131837
6	3	3	0.0561186	0.321322
6	4	0	0.0235763	0
6	4	1	0.0403604	0.189486
6	4	2	0.0324693	0.131837
6	4	3	0.0583488	0.321322
6	5	0	0.023091	0
6	5	1	0.0406899	0.189486
6	5	2	0.0308131	0.131837
6	5	3	0.0602435	0.321322
6	6	0	0.0228049	0
6	6	1	0.040957	0.189486
6	6	2	0.0295094	0.131837
6	6	3	0.0617552	0.321322
6	7	0	0.0226711	0
6	7	1	0.0411794	0.189486
6	7	2	0.0285476	0.131837
6	7	3	0.0629051	0.321322
6	8	0	0.0226357	0
6	8	1	0.0413701	0.189486
6	8	2	0.027871	0.131837
6	8	3	0.0637527	0.321322
6	9	0	0.0226529	0
6	9	1	0.0415324	0.189486
6	9	2	0.0274113	0.131837
6	9	3	0.0643623	0.321322
6	10	0	0.0226902	0
6	10	1	0.0416629	0.189486
6	10	2	0.0271104	0.131837
6	10	3	0.0647867	0.321322
6	11	0	0.0227272	0
6	11	1	0.0417564	0.189486
6	11	2	0.0269268	0.131837
6	11	3	0.0650634	0.321322
6	12	0	0.0227527	0
6	12	1	0.0418087	0.189486
6	12	2	0.0268345	0.131837
6	12	3	0.0652172	0.321322
6	13	0	0.0227617	0
6	13	1	0.0418174	0.189486
6	13	2	0.0268193	0.131837
6	13	3	0.0652624	0.321322
6	14	0	0.0227537	0
6	14	1	0.0417826	0.189486
6	14	2	0.0268769	0.131837
6	14	3	0.0652057	0.321322
6	15	0	0.0227324	0
6	15	1	0.0417059	0.189486
6	15	2	0.027011	0.131837
6	15	3	0.0650471	0.321322
6	16	0	0.0227051	0
6	16	1	0.0415914	0.189486
6	16	2	0.0272327	0.131837
6	16	3	0.0647802	0.321322
6	17	0	0.0226837	0
6	17	1	0.0414451	0.189486
6	17	2	0.0275601	0.131837
6	17	3	0.0643928	0.321322
6	18	0	0.0226854	0
6	18	1	0.0412752	0.189486
6	18	2	0.028018	0.131837
6	18	3	0.0638659	0.321322
6	19	0	0.0227328	0
6	19	1	0.0410917	0.189486
6	19	2	0.0286371	0.131837
6	19	3	0.0631738	0.321322
6	20	0	0.0228553	0
6	20	1	0.0409053	0.189486
6	20	2	0.0294523	0.131837
6	20	3	0.0622835	0.321322
6	21	0	0.0230881	0
6	21	1	0.0407249	0.189486
6	21	2	0.0304986	0.131837
6	21	3	0.0611567	0.321322
6	22	0	0.023471	0
6	22	1	0.0405528	0.189486
6	22	2	0.0318061	0.131837
6	22	3	0.0597535	0.321322
6	23	0	0.0240445	0
6	23	1	0.0403803	0.189486
6	23	2	0.0333919	0.131837
6	23	3	0.0580417	0.321322
6	24	0	0.0248446	0
6	24	1	0.0401837	0.189486
6	24	2	0.0352512	0.131837
6	24	3	0.0560111	0.321322
6	25	0	0.0258961	0
6	25	1	0.0399276	0.189486
6	25	2	0.0373501	0.131837
6	25	3	0.0536898	0.321322
6	26	0	0.0272064	0
6	26	1	0.0395776	0.189486
6	26	2	0.0396219	0.131837
6	26	3	0.0511578	0.321322
6	27	0	0.0287606	0
6	27	1	0.0391191	0.189486
6	27	2	0.0419706	0.131837
6	27	3	0.0485447	0.321322
6	28	0	0.030521	0
6	28	1	0.0385718	0.189486
6	28	2	0.0442826	0.131837
6	28	3	0.0460074	0.321322
6	29	0	0.0324294	0
6	29	1	0.0379882	0.189486
6	29	2	0.0464449	0.131837
6	29	3	0.0436943	0.321322
6	30	0	0.0344128	0
6	30	1	0.0374359	0.189486
6	30	2	0.0483662	0.131837
6	30	3	0.0417097	0.321322
6	31	0	0.0363919	0
6	31	1	0.0369734	0.189486
6	31	2	0.0499905	0.131837
6	31	3	0.0400984	0.321322
6	32	0	0.0382883	0
6	32	1	0.0366338	0.189486
6	32	2	0.0513013	0.131837
6	32	3	0.0388513	0.321322
6	33	0	0.0400306	0
6	33	1	0.0364218	0.189486
6	33	2	0.052313	0.131837
6	33	3	0.0379261	0.321322
6	34	0	0.0415563	0
6	34	1	0.0363203	0.189486
6	34	2	0.0530581	0.131837
6	34	3	0.0372677	0.321322
6	35	0	0.0428108	0
6	35	1	0.036301	0.189486
6	35	2	0.0535751	0.131837
6	35	3	0.0368235	0.321322
6	36	0	0.0437468	0
6	36	1	0.0363328	0.189486
6	36	2	0.0538994	0.131837
6	36	3	0.0365497	0.321322
6	37	0	0.0443252	0
6	37	1	0.0363879	0.189486
6	37	2	0.0540587	0.131837
6	37	3	0.0364142	0.321322
6	38	0	0.0445185	0
6	38	1	0.0364449	0.189486
6	38	2	0.0540715	0.131837
6	38	3	0.0363964	0.321322
6	39	0	0.0443148	0
6	39	1	0.0364901	0.189486
6	39	2	0.0539463	0.131837
6	39	3	0.0364863	0.321322
6	40	0	0.0437216	0
6	40	1	0.0365183	0.189486
6	40	2	0.0536826	0.131837
6	40	3	0.036684	0.321322
6	41	0	0.042767	0
6	41	1	0.0365317	0.189486
6	41	2	0.0532711	0.131837
6	41	3	0.0369981	0.321322
6	42	0	0.0414992	0
6	42	1	0.0365395	0.189486
6	42	2	0.0526954	0.131837
6	42	3	0.0374445	0.321322
6	43	0	0.0399817	0
6	43	1	0.0365575	0.189486
6	43	2	0.0519346	0.131837
6	43	3	0.0380451	0.321322
6	44	0	0.0382858	0
6	44	1	0.0366065	0.189486
6	44	2	0.0509674	0.131837
6	44	3	0.0388267	0.321322
6	45	0	0.0364803	0
6	45	1	0.0367106	0.189486
6	45	2	0.0497788	0.131837
6	45	3	0.0398189	0.321322
6	46	0	0.0346251	0
6	46	1	0.0368923	0.189486
6	46	2	0.0483656	0.131837
6	46	3	0.0410524	0.321322
6	47	0	0.0327715	0
6	47	1	0.0371663	0.189486
6	47	2	0.0467409	0.131837
6	47	3	0.0425536	0.321322
6	48	0	0.0309694	0
6	48	1	0.0375336	0.189486
6	48	2	0.0449318	0.131837
6	48	3	0.0443364	0.321322
6	49	0	0.0292719	0
6	49	1	0.0379787	0.189486
6	49	2	0.0429726	0.131837
6	49	3	0.046393	0.321322
7	0	-1	0.5	0.1
7	1	-1	0.562667	0.1
7	2	-1	0.624345	0.1
7	3	-1	0.684062	0.1
7	4	-1	0.740877	0.1
7	5	-1	0.793893	0.1
7	6	-1	0.842274	0.1
7	7	-1	0.885257	0.1
7	8	-1	0.922164	0.1
7	9	-1	0.952414	0.1
7	10	-1	0.975528	0.1
7	11	-1	0.991144	0.1
7	12	-1	0.999013	0.1
7	13	-1	0.999013	0.1
7	14	-1	0.991144	0.1
7	15	-1	0.975528	0.1
7	16	-1	0.952414	0.1
7	17	-1	0.922164	0.1
7	18	-1	0.885257	0.1
7	19	-1	0.842274	0.1
7	20	-1	0.793893	0.1
7	21	-1	0.740877	0.1
7	22	-1	0.684062	0.1
7	23	-1	0.624345	0.1
7	24	-1	0.562667	0.1
7	25	-1	0.5	0.1
7	26	-1	0.437333	0.1
7	27	-1	0.375655	0.1
7	28	-1	0.315938	0.1
7	29	-1	0.259123	0.1
7	30	-1	0.206107	0.1
7	31	-1	0.157726	0.1
7	32	-1	0.114743	0.1
7	33	-1	0.077836	0.1
7	34	-1	0.0475865	0.1
7	35	-1	0.0244717	0.1
7	36	-1	0.00885637	0.1
7	37	-1	0.000986636	0.1
7	38	-1	0.000986636	0.1
7	39	-1	0.00885637	0.1
7	40	-1	0.0244717	0.1
7	41	-1	0.0475865	0.1
7	42	-1	0.077836	0.1
7	43	-1	0.114743	0.1
7	44	-1	0.157726	0.1
7	45	-1	0.206107	0.1
7	46	-1	0.259123	0.1
7	47	-1	0.315938	0.1
7	48	-1	0.375655	0.1
7	49	-1	0.437333	0.1
7	0	0	0.0329213	0
7	0	1	0.0393985	0.135872
7	0	2	0.040077	0.115937
7	0	3	0.0458049	0.25181
7	1	0	0.0322824	0
7	1	1	0.0394552	0.135872
7	1	2	0.039373	0.115937
7	1	3	0.0462149	0.25181
7	2	0	0.0317609	0
7	2	1	0.0396623	0.135872
7	2	2	0.0387404	0.115937
7	2	3	0.0470116	0.25181
7	3	0	0.0313606	0
7	3	1	0.0399807	0.135872
7	3	2	0.0381147	0.115937
7	3	3	0.0481185	0.25181
7	4	0	0.0310773	0
7	4	1	0.0403861	0.135872
7	4	2	0.0374725	0.115937
7	4	3	0.0494366	0.25181
7	5	0	0.0309024	0
7	5	1	0.0408587	0.135872
7	5	2	0.0368306	0.115937
7	5	3	0.0508541	0.25181
7	6	0	0.030827	0
7	6	1	0.0413715	0.135872
7	6	2	0.0362327	0.115937
7	6	3	0.0522547	0.25181
7	7	0	0.0308371	0
7	7	1	0.0418882	0.135872
7	7	2	0.0357252	0.115937
7	7	3	0.0535337	0.25181
7	8	0	0.0309092	0
7	8	1	0.0423691	0.135872
7	8	2	0.0353344	0.115937
7	8	3	0.054618	0.25181
7	9	0	0.0310126	0
7	9	1	0.0427814	0.135872
7	9	2	0.0350592	0.115937
7	9	3	0.055475	0.25181
7	10	0	0.0311175	0
7	10	1	0.0431045	0.135872
7	10	2	0.0348786	0.115937
7	10	3	0.0561055	0.25181
7	11	0	0.0312007	0
7	11	1	0.0433291	0.135872
7	11	2	0.0347661	0.115937
7	11	3	0.0565278	0.25181
7	12	0	0.0312475	0
7	12	1	0.0434528	0.135872
7	12	2	0.0346989	0.115937
7	12	3	0.0567632	0.25181
7	13	0	0.0312506	0
7	13	1	0.043477	0.135872
7	13	2	0.0346615	0.115937
7	13	3	0.056829	0.25181
7	14	0	0.031208	0
7	14	1	0.0434041	0.135872
7	14	2	0.0346468	0.115937
7	14	3	0.0567364	0.25181
7	15	0	0.0311226	0
7	15	1	0.0432376	0.135872
7	15	2	0.034655	0.115937
7	15	3	0.0564907	0.25181
7	16	0	0.0310016	0
7	16	1	0.0429818	0.135872
7	16	2	0.0346926	0.115937
7	16	3	0.0560932	0.25181
7	17	0	0.0308571	0
7	17	1	0.0426434	0.135872
7	17	2	0.0347727	0.115937
7	17	3	0.0555431	0.25181
7	18	0	0.030707	0
7	18	1	0.0422331	0.135872
7	18	2	0.0349139	0.115937
7	18	3	0.0548402	0.25181
7	19	0	0.0305756	0
7	19	1	0.0417669	0.135872
7	19	2	0.0351394	0.115937
7	19	3	0.0539882	0.25181
7	20	0	0.0304934	0
7	20	1	0.0412678	0.135872
7	20	2	0.035475	0.115937
7	20	3	0.0529991	0.25181
7	21	0	0.0304954	0
7	21	1	0.0407666	0.135872
7	21	2	0.0359437	0.115937
7	21	3	0.0518985	0.25181
7	22	0	0.0306168	0
7	22	1	0.0403001	0.135872
7	22	2	0.0365605	0.115937
7	22	3	0.05073	0.25181
7	23	0	0.0308864	0
7	23	1	0.0399075	0.135872
7	23	2	0.0373249	0.115937
7	23	3	0.0495578	0.25181
7	24	0	0.0313213	0
7	24	1	0.0396257	0.135872
7	24	2	0.0382201	0.115937
7	24	3	0.0484623	0.25181
7	25	0	0.0319247	0
7	25	1	0.039484	0.135872
7	25	2	0.0392195	0.115937
7	25	3	0.0475292	0.25181
7	26	0	0.0326903	0
7	26	1	0.0395036	0.135872
7	26	2	0.0403006	0.115937
7	26	3	0.0468312	0.25181
7	27	0	0.0336069	0
7	27	1	0.0396979	0.135872
7	27	2	0.0414574	0.115937
7	27	3	0.0464112	0.25181
7	28	0	0.0346594	0
7	28	1	0.0400719	0.135872
7	28	2	0.0427002	0.115937
7	28	3	0.0462737	0.25181
7	29	0	0.0358237	0
7	29	1	0.0406186	0.135872
7	29	2	0.0440424	0.115937
7	29	3	0.046386	0.25181
7	30	0	0.0370644	0
7	30	1	0.0413146	0.135872
7	30	2	0.0454818	0.115937
7	30	3	0.0466887	0.25181
7	31	0	0.038337	0
7	31	1	0.0421193	0.135872
7	31	2	0.0469894	0.115937
7	31	3	0.04711	0.25181
7	32	0	0.0395943	0
7	32	1	0.0429769	0.135872
7	32	2	0.0485076	0.115937
7	32	3	0.0475788	0.25181
7	33	0	0.0407878	0
7	33	1	0.0438233	0.135872
7	33	2	0.049959	0.115937
7	33	3	0.0480348	0.25181
7	34	0	0.0418665	0
7	34	1	0.0445956	0.135872
7	34	2	0.051261	0.115937
7	34	3	0.048435	0.25181
7	35	0	0.0427768	0
7	35	1	0.045242	0.135872
7	35	2	0.0523413	0.115937
7	35	3	0.0487563	0.25181
7	36	0	0.0434664	0
7	36	1	0.0457281	0.135872
7	36	2	0.0531492	0.115937
7	36	3	0.0489944	0.25181
7	37	0	0.0438918	0
7	37	1	0.0460369	0.135872
7	37	2	0.0536576	0.115937
7	37	3	0.0491574	0.25181
7	38	0	0.0440231	0
7	38	1	0.0461639	0.135872
7	38	2	0.0538574	0.115937
7	38	3	0.0492582	0.25181
7	39	0	0.0438479	0
7	39	1	0.0461102	0.135872
7	39	2	0.0537485	0.115937
7	39	3	0.0493075	0.25181
7	40	0	0.0433724	0
7	40	1	0.0458787	0.135872
7	40	2	0.0533324	0.115937
7	40	3	0.0493091	0.25181
7	41	0	0.0426214	0
7	41	1	0.0454723	0.135872
7	41	2	0.0526098	0.115937
7	41	3	0.049257	0.25181
7	42	0	0.0416378	0
7	42	1	0.0448965	0.135872
7	42	2	0.0515836	0.115937
7	42	3	0.0491349	0.25181
7	43	0	0.0404801	0
7	43	1	0.0441642	0.135872
7	43	2	0.0502679	0.115937
7	43	3	0.048917	0.25181
7	44	0	0.0392186	0
7	44	1	0.0433032	0.135872
7	44	2	0.0487019	0.115937
7	44	3	0.0485744	0.25181
7	45	0	0.0379295	0
7	45	1	0.0423642	0.135872
7	45	2	0.0469648	0.115937
7	45	3	0.0480877	0.25181
7	46	0	0.0366862	0
7	46	1	0.0414255	0.135872
7	46	2	0.0451823	0.115937
7	46	3	0.0474697	0.25181
7	47	0	0.0355472	0
7	47	1	0.040586	0.135872
7	47	2	0.0435089	0.115937
7	47	3	0.04679	0.25181
7	48	0	0.0345429	0
7	48	1	0.0399407	0.135872
7	48	2	0.0420786	0.115937
7	48	3	0.0461822	0.25181
7	49	0	0.0336725	0
7	49	1	0.0395456	0.135872
7	49	2	0.0409475	0.115937
7	49	3	0.0458105	0.25181
8	0	-1	0.5	0.1
8	1	-1	0.562667	0.1
8	2	-1	0.624345	0.1
8	3	-1	0.684062	0.1
8	4	-1	0.740877	0.1
8	5	-1	0.793893	0.1
8	6	-1	0.842274	0.1
8	7	-1	0.885257	0.1
8	8	-1	0.922164	0.1
8	9	-1	0.952414	0.1
8	10	-1	0.975528	0.1
8	11	-1	0.991144	0.1
8	12	-1	0.999013	0.1
8	13	-1	0.999013	0.1
8	14	-1	0.991144	0.1
8	15	-1	0.975528	0.1
8	16	-1	0.952414	0.1
8	17	-1	0.922164	0.1
8	18	-1	0.885257	0.1
8	19	-1	0.842274	0.1
8	20	-1	0.793893	0.1
8	21	-1	0.740877	0.1
8	22	-1	0.684062	0.1
8	23	-1	0.624345	0.1
8	24	-1	0.562667	0.1
8	25	-1	0.5	0.1
8	26	-1	0.437333	0.1
8	27	-1	0.375655	0.1
8	28	-1	0.315938	0.1
8	29	-1	0.259123	0.1
8	30	-1	0.206107	0.1
8	31	-1	0.157726	0.1
8	32	-1	0.114743	0.1
8	33	-1	0.077836	0.1
8	34	-1	0.0475865	0.1
8	35	-1	0.0244717	0.1
8	36	-1	0.00885637	0.1
8	37	-1	0.000986636	0.1
8	38	-1	0.000986636	0.1
8	39	-1	0.00885637	0.1
8	40	-1	0.0244717	0.1
8	41	-1	0.0475865	0.1
8	42	-1	0.077836	0.1
8	43	-1	0.114743	0.1
8	44	-1	0.157726	0.1
8	45	-1	0.206107	0.1
8	46	-1	0.259123	0.1
8	47	-1	0.315938	0.1
8	48	-1	0.375655	0.1
8	49	-1	0.437333	0.1
8	0	0	0.0302714	0
8	0	1	0.0408049	0.0918846
8	0	2	0.0390014	0.125774
8	0	3	0.05021	0.217659
8	1	0	0.0296899	0
8	1	1	0.0406026	0.0918846
8	1	2	0.0381283	0.125774
8	1	3	0.0506866	0.217659
8	2	0	0.0292871	0
8	2	1	0.0405985	0.0918846
8	2	2	0.0375168	0.125774
8	2	3	0.0514212	0.217659
8	3	0	0.0290438	0
8	3	1	0.0407351	0.0918846
8	3	2	0.0371288	0.125774
8	3	3	0.0524431	0.217659
8	4	0	0.0289365	0
8	4	1	0.0409717	0.0918846
8	4	2	0.036877	0.125774
8	4	3	0.0537388	0.217659
8	5	0	0.0289323	0
8	5	1	0.0412921	0.0918846
8	5	2	0.0366632	0.125774
8	5	3	0.0552337	0.217659
8	6	0	0.0289928	0
8	6	1	0.0416858	0.0918846
8	6	2	0.0364225	0.125774
8	6	3	0.0568025	0.217659
8	7	0	0.0290841	0
8	7	1	0.0421277	0.0918846
8	7	2	0.0361427	0.125774
8	7	3	0.0583072	0.217659
8	8	0	0.0291825	0
8	8	1	0.0425762	0.0918846
8	8	2	0.0358493	0.125774
8	8	3	0.0596372	0.217659
8	9	0	0.0292734	0
8	9	1	0.0429868	0.0918846
8	9	2	0.0355768	0.125774
8	9	3	0.0607287	0.217659
8	10	0	0.0293473	0
8	10	1	0.0433245	0.0918846
8	10	2	0.035349	0.125774
8	10	3	0.0615593	0.217659
8	11	0	0.0293972	0
8	11	1	0.0435678	0.0918846
8	11	2	0.0351745	0.125774
8	11	3	0.0621323	0.217659
8	12	0	0.0294172	0
8	12	1	0.0437063	0.0918846
8	12	2	0.0350518	0.125774
8	12	3	0.0624612	0.217659
8	13	0	0.0294039	0
8	13	1	0.0437367	0.0918846
8	13	2	0.0349758	0.125774
8	13	3	0.0625603	0.217659
8	14	0	0.029356	0
8	14	1	0.04366	0.0918846
8	14	2	0.0349419	0.125774
8	14	3	0.0624412	0.217659
8	15	0	0.0292754	0
8	15	1	0.0434804	0.0918846
8	15	2	0.0349482	0.125774
8	15	3	0.062112	0.217659
8	16	0	0.0291666	0
8	16	1	0.0432047	0.0918846
8	16	2	0.0349959	0.125774
8	16	3	0.0615784	0.217659
8	17	0	0.0290381	0
8	17	1	0.042844	0.0918846
8	17	2	0.0350893	0.125774
8	17	3	0.0608468	0.217659
8	18	0	0.028902	0
8	18	1	0.0424149	0.0918846
8	18	2	0.0352351	0.125774
8	18	3	0.0599273	0.217659
8	19	0	0.0287753	0
8	19	1	0.0419412	0.0918846
8	19	2	0.0354414	0.125774
8	19	3	0.0588381	0.217659
8	20	0	0.0286796	0
8	20	1	0.0414556	0.0918846
8	20	2	0.0357163	0.125774
8	20	3	0.0576107	0.217659
8	21	0	0.0286409	0
8	21	1	0.0409996	0.0918846
8	21	2	0.0360673	0.125774
8	21	3	0.0562934	0.217659
8	22	0	0.0286885	0
8	22	1	0.0406216	0.0918846
8	22	2	0.0365006	0.125774
8	22	3	0.0549539	0.217659
8	23	0	0.0288529	0
8	23	1	0.0403709	0.0918846
8	23	2	0.0370229	0.125774
8	23	3	0.0536748	0.217659
8	24	0	0.0291628	0
8	24	1	0.0402901	0.0918846
8	24	2	0.0376455	0.125774
8	24	3	0.0525433	0.217659
8	25	0	0.0296413	0
8	25	1	0.040407	0.0918846
8	25	2	0.0383882	0.125774
8	25	3	0.0516335	0.217659
8	26	0	0.0303032	0
8	26	1	0.0407314	0.0918846
8	26	2	0.0392785	0.125774
8	26	3	0.0509883	0.217659
8	27	0	0.0311517	0
8	27	1	0.0412578	0.0918846
8	27	2	0.0403425	0.125774
8	27	3	0.0506103	0.217659
8	28	0	0.0321786	0
8	28	1	0.0419714	0.0918846
8	28	2	0.0415887	0.125774
8	28	3	0.050466	0.217659
8	29	0	0.0333664	0
8	29	1	0.0428505	0.0918846
8	29	2	0.042995	0.125774
8	29	3	0.0505012	0.217659
8	30	0	0.0346887	0
8	30	1	0.0438631	0.0918846
8	30	2	0.0445074	0.125774
8	30	3	0.0506569	0.217659
8	31	0	0.0361088	0
8	31	1	0.0449618	0.0918846
8	31	2	0.0460503	0.125774
8	31	3	0.050881	0.217659
8	32	0	0.0375744	0
8	32	1	0.0460837	0.0918846
8	32	2	0.047543	0.125774
8	32	3	0.0511315	0.217659
8	33	0	0.0390167	0
8	33	1	0.0471583	0.0918846
8	33	2	0.0489127	0.125774
8	33	3	0.051377	0.217659
8	34	0	0.0403553	0
8	34	1	0.0481183	0.0918846
8	34	2	0.0501015	0.125774
8	34	3	0.0515955	0.217659
8	35	0	0.0415072	0
8	35	1	0.0489083	0.0918846
8	35	2	0.0510663	0.125774
8	35	3	0.0517718	0.217659
8	36	0	0.0423967	0
8	36	1	0.0494875	0.0918846
8	36	2	0.0517753	0.125774
8	36	3	0.051895	0.217659
8	37	0	0.042964	0
8	37	1	0.0498295	0.0918846
8	37	2	0.0522051	0.125774
8	37	3	0.0519561	0.217659
8	38	0	0.0431699	0
8	38	1	0.0499204	0.0918846
8	38	2	0.0523392	0.125774
8	38	3	0.0519476	0.217659
8	39	0	0.0429998	0
8	39	1	0.0497591	0.0918846
8	39	2	0.0521696	0.125774
8	39	3	0.0518647	0.217659
8	40	0	0.0424639	0
8	40	1	0.0493574	0.0918846
8	40	2	0.0516993	0.125774
8	40	3	0.0517069	0.217659
8	41	0	0.0415961	0
8	41	1	0.0487402	0.0918846
8	41	2	0.0509444	0.125774
8	41	3	0.051481	0.217659
8	42	0	0.0404505	0
8	42	1	0.047943	0.0918846
8	42	2	0.0499358	0.125774
8	42	3	0.0512015	0.217659
8	43	0	0.0390964	0
8	43	1	0.0470079	0.0918846
8	43	2	0.0487176	0.125774
8	43	3	0.0508908	0.217659
8	44	0	0.0376133	0
8	44	1	0.0459796	0.0918846
8	44	2	0.0473436	0.125774
8	44	3	0.0505763	0.217659
8	45	0	0.0360865	0
8	45	1	0.0449038	0.0918846
8	45	2	0.0458713	0.125774
8	45	3	0.0502876	0.217659
8	46	0	0.0346007	0
8	46	1	0.04383	0.0918846
8	46	2	0.0443577	0.125774
8	46	3	0.0500532	0.217659
8	47	0	0.0332321	0
8	47	1	0.0428169	0.0918846
8	47	2	0.0428572	0.125774
8	47	3	0.0499002	0.217659
8	48	0	0.0320382	0
8	48	1	0.0419337	0.0918846
8	48	2	0.0414244	0.125774
8	48	3	0.049855	0.217659
8	49	0	0.0310499	0
8	49	1	0.0412483	0.0918846
8	49	2	0.040118	0.125774
8	49	3	0.0499468	0.217659
9	0	-1	0.5	0.1
9	1	-1	0.562667	0.1
9	2	-1	0.624345	0.1
9	3	-1	0.684062	0.1
9	4	-1	0.740877	0.1
9	5	-1	0.793893	0.1
9	6	-1	0.842274	0.1
9	7	-1	0.885257	0.1
9	8	-1	0.922164	0.1
9	9	-1	0.952414	0.1
9	10	-1	0.975528	0.1
9	11	-1	0.991144	0.1
9	12	-1	0.999013	0.1
9	13	-1	0.999013	0.1
9	14	-1	0.991144	0.1
9	15	-1	0.975528	0.1
9	16	-1	0.952414	0.1
9	17	-1	0.922164	0.1
9	18	-1	0.885257	0.1
9	19	-1	0.842274	0.1
9	20	-1	0.793893	0.1
9	21	-1	0.740877	0.1
9	22	-1	0.684062	0.1
9	23	-1	0.624345	0.1
9	24	-1	0.562667	0.1
9	25	-1	0.5	0.1
9	26	-1	0.437333	0.1
9	27	-1	0.375655	0.1
9	28	-1	0.315938	0.1
9	29	-1	0.259123	0.1
9	30	-1	0.206107	0.1
9	31	-1	0.157726	0.1
9	32	-1	0.114743	0.1
9	33	-1	0.077836	0.1
9	34	-1	0.0475865	0.1
9	35	-1	0.0244717	0.1
9	36	-1	0.00885637	0.1
9	37	-1	0.000986636	0.1
9	38	-1	0.000986636	0.1
9	39	-1	0.00885637	0.1
9	40	-1	0.0244717	0.1
9	41	-1	0.0475865	0.1
9	42	-1	0.077836	0.1
9	43	-1	0.114743	0.1
9	44	-1	0.157726	0.1
9	45	-1	0.206107	0.1
9	46	-1	0.259123	0.1
9	47	-1	0.315938	0.1
9	48	-1	0.375655	0.1
9	49	-1	0.437333	0.1
9	0	0	0.0262749	0
9	0	1	0.0336351	0.319404
9	0	2	0.032379	0.0224283
9	0	3	0.0405871	0.341832
9	1	0	0.0241565	0
9	1	1	0.0359132	0.319404
9	1	2	0.0294291	0.0224283
9	1	3	0.0437572	0.341832
9	2	0	0.022517	0
9	2	1	0.0381551	0.319404
9	2	2	0.0269057	0.0224283
9	2	3	0.046721	0.341832
9	3	0	0.0215885	0
9	3	1	0.0399006	0.319404
9	3	2	0.0251421	0.0224283
9	3	3	0.0488318	0.341832
9	4	0	0.0212317	0
9	4	1	0.0409189	0.319404
9	4	2	0.0240996	0.0224283
9	4	3	0.0498337	0.341832
9	5	0	0.0211303	0
9	5	1	0.0413416	0.319404
9	5	2	0.0234831	0.0224283
9	5	3	0.0499875	0.341832
9	6	0	0.0210923	0
9	6	1	0.0414301	0.319404
9	6	2	0.0230647	0.0224283
9	6	3	0.0497021	0.341832
9	7	0	0.021065	0
9	7	1	0.0413761	0.319404
9	7	2	0.0227539	0.0224283
9	7	3	0.049266	0.341832
9	8	0	0.0210431	0
9	8	1	0.0412782	0.319404
9	8	2	0.0225209	0.0224283
9	8	3	0.0488281	0.341832
9	9	0	0.0210272	0
9	9	1	0.0411802	0.319404
9	9	2	0.0223508	0.0224283
9	9	3	0.048453	0.341832
9	10	0	0.0210159	0
9	10	1	0.0410996	0.319404
9	10	2	0.0222316	0.0224283
9	10	3	0.0481639	0.341832
9	11	0	0.0210073	0
9	11	1	0.0410428	0.319404
9	11	2	0.0221538	0.0224283
9	11	3	0.0479654	0.341832
9	12	0	0.0209994	0
9	12	1	0.0410114	0.319404
9	12	2	0.0221106	0.0224283
9	12	3	0.0478555	0.341832
9	13	0	0.0209911	0
9	13	1	0.0410052	0.319404
9	13	2	0.0220981	0.0224283
9	13	3	0.0478308	0.341832
9	14	0	0.0209818	0
9	14	1	0.0410236	0.319404
9	14	2	0.0221153	0.0224283
9	14	3	0.0478884	0.341832
9	15	0	0.0209719	0
9	15	1	0.0410655	0.319404
9	15	2	0.0221642	0.0224283
9	15	3	0.0480266	0.341832
9	16	0	0.0209631	0
9	16	1	0.0411289	0.319404
9	16	2	0.0222501	0.0224283
9	16	3	0.048244	0.341832
9	17	0	0.0209583	0
9	17	1	0.0412093	0.319404
9	17	2	0.0223822	0.0224283
9	17	3	0.0485376	0.341832
9	18	0	0.0209632	0
9	18	1	0.0412984	0.319404
9	18	2	0.0225744	0.0224283
9	18	3	0.0488992	0.341832
9	19	0	0.0209871	0
9	19	1	0.0413794	0.319404
9	19	2	0.0228475	0.0224283
9	19	3	0.04931	0.341832
9	20	0	0.0210456	0
9	20	1	0.0414228	0.319404
9	20	2	0.0232311	0.0224283
9	20	3	0.0497319	0.341832
9	21	0	0.0211643	0
9	21	1	0.0413785	0.319404
9	21	2	0.0237669	0.0224283
9	21	3	0.0500949	0.341832
9	22	0	0.0213863	0
9	22	1	0.0411669	0.319404
9	22	2	0.0245144	0.0224283
9	22	3	0.0502789	0.341832
9	23	0	0.0217826	0
9	23	1	0.0406706	0.319404
9	23	2	0.0255564	0.0224283
9	23	3	0.050094	0.341832
9	24	0	0.0224656	0
9	24	1	0.0397359	0.319404
9	24	2	0.0270035	0.0224283
9	24	3	0.0492723	0.341832
9	25	0	0.023592	0
9	25	1	0.0382112	0.319404
9	25	2	0.0289815	0.0224283
9	25	3	0.0475118	0.341832
9	26	0	0.0253142	0
9	26	1	0.0360576	0.319404
9	26	2	0.0315686	0.0224283
9	26	3	0.0446466	0.341832
9	27	0	0.0276332	0
9	27	1	0.0335136	0.319404
9	27	2	0.0346629	0.0224283
9	27	3	0.0409436	0.341832
9	28	0	0.0302487	0
9	28	1	0.0310996	0.319404
9	28	2	0.0379011	0.0224283
9	28	3	0.0371956	0.341832
9	29	0	0.0326954	0
9	29	1	0.0292725	0.319404
9	29	2	0.0408533	0.0224283
9	29	3	0.034215	0.341832
9	30	0	0.0347019	0
9	30	1	0.0281174	0.319404
9	30	2	0.0433295	0.0224283
9	30	3	0.0322555	0.341832
9	31	0	0.0362773	0
9	31	1	0.0274614	0.319404
9	31	2	0.0453862	0.0224283
9	31	3	0.0311044	0.341832
9	32	0	0.0375332	0
9	32	1	0.0271115	0.319404
9	32	2	0.0471385	0.0224283
9	32	3	0.0304654	0.341832
9	33	0	0.0385557	0
9	33	1	0.0269405	0.319404
9	33	2	0.0486554	0.0224283
9	33	3	0.0301312	0.341832
9	34	0	0.0393848	0
9	34	1	0.0268742	0.319404
9	34	2	0.0499542	0.0224283
9	34	3	0.0299796	0.341832
9	35	0	0.0400312	0
9	35	1	0.026867	0.319404
9	35	2	0.0510213	0.0224283
9	35	3	0.0299371	0.341832
9	36	0	0.0404911	0
9	36	1	0.0268883	0.319404
9	36	2	0.0518291	0.0224283
9	36	3	0.0299557	0.341832
9	37	0	0.0407554	0
9	37	1	0.0269176	0.319404
9	37	2	0.0523478	0.0224283
9	37	3	0.0300036	0.341832
9	38	0	0.0408159	0
9	38	1	0.0269426	0.319404
9	38	2	0.052552	0.0224283
9	38	3	0.0300617	0.341832
9	39	0	0.0406674	0
9	39	1	0.0269589	0.319404
9	39	2	0.0524248	0.0224283
9	39	3	0.0301226	0.341832
9	40	0	0.0403101	0
9	40	1	0.0269705	0.319404
9	40	2	0.051961	0.0224283
9	40	3	0.0301909	0.341832
9	41	0	0.039749	0
9	41	1	0.0269897	0.319404
9	41	2	0.0511666	0.0224283
9	41	3	0.0302833	0.341832
9	42	0	0.038993	0
9	42	1	0.0270369	0.319404
9	42	2	0.0500587	0.0224283
9	42	3	0.0304281	0.341832
9	43	0	0.0380526	0
9	43	1	0.0271409	0.319404
9	43	2	0.0486628	0.0224283
9	43	3	0.030665	0.341832
9	44	0	0.0369362	0
9	44	1	0.0273384	0.319404
9	44	2	0.0470084	0.0224283
9	44	3	0.0310453	0.341832
9	45	0	0.0356462	0
9	45	1	0.0276751	0.319404
9	45	2	0.0451226	0.0224283
9	45	3	0.0316326	0.341832
9	46	0	0.0341749	0
9	46	1	0.0282065	0.319404
9	46	2	0.0430218	0.0224283
9	46	3	0.0325038	0.341832
9	47	0	0.0325041	0
9	47	1	0.0289992	0.319404
9	47	2	0.0407051	0.0224283
9	47	3	0.0337498	0.341832
9	48	0	0.0306132	0
9	48	1	0.030129	0.319404
9	48	2	0.0381549	0.0224283
9	48	3	0.0354709	0.341832
9	49	0	0.0285074	0
9	49	1	0.0316671	0.319404
9	49	2	0.0353605	0.0224283
9	49	3	0.0377509	0.341832
