0	0.40683	0.0479985	0.0494002	0.0530427	0.0579103	0.0618839	0.0604494	0.0667954	0.0643599	0.0742657	0.0777306	0.0734652	0.0897687	0.127726	0.123413	0.12649	0.0823974	
1	0.596456	0.0374728	0.0411373	0.0411951	0.0480118	0.0475165	0.0626986	0.0710748	0.0689064	0.0598907	0.0778902	0.0827177	0.0942021	0.111426	0.135395	0.147259	0.12148	
2	0.765086	0.0388403	0.0442486	0.0425471	0.054317	0.0434453	0.0677994	0.0747258	0.0933602	0.0642909	0.0864045	0.0913716	0.117376	0.104001	0.154377	0.170008	0.187499	
3	0.833079	0.0412841	0.0480282	0.0442262	0.0610808	0.0432007	0.0694589	0.071913	0.119087	0.0697382	0.093298	0.0953194	0.132997	0.103486	0.157549	0.171342	0.244492	
4	0.893239	0.0453956	0.0534871	0.0475074	0.0691265	0.0457585	0.0719654	0.068455	0.14514	0.0781445	0.104073	0.10305	0.150588	0.110344	0.161743	0.171348	0.301359	
5	1.01373	0.0567098	0.0671853	0.0577114	0.0870618	0.0550317	0.0823555	0.0699819	0.188074	0.100906	0.132192	0.127398	0.190182	0.135511	0.18432	0.189751	0.398782	
6	1.06167	0.0641847	0.0758239	0.0646904	0.0974933	0.0616426	0.0888676	0.0724844	0.210606	0.115332	0.149864	0.143421	0.212406	0.152357	0.198165	0.202878	0.44936	
7	0.961918	0.0545614	0.0645532	0.0557477	0.0835492	0.0533503	0.0782249	0.0665027	0.182241	0.0965159	0.127298	0.12294	0.18239	0.130386	0.17416	0.179384	0.384765	
8	1.02218	0.0601951	0.0711635	0.0609588	0.0917494	0.0581603	0.0844576	0.0699679	0.199244	0.10767	0.140647	0.135053	0.200307	0.143346	0.188425	0.193424	0.423884	
9	0.896958	0.049199	0.0580935	0.050829	0.0750675	0.0489474	0.0724817	0.0641114	0.164118	0.0853712	0.113703	0.110772	0.162857	0.117696	0.160475	0.166469	0.341517	
10	0.753374	0.0410806	0.0477073	0.0436128	0.0601351	0.0431374	0.0635976	0.0625578	0.129258	0.0670487	0.090555	0.0908659	0.125448	0.0982821	0.137219	0.146343	0.253652	
11	0.631567	0.0376495	0.0424789	0.0408247	0.051148	0.0420126	0.0597449	0.0651716	0.104464	0.0587204	0.0784059	0.0818702	0.100937	0.092323	0.125486	0.139908	0.189381	
12	0.521195	0.0370336	0.0403327	0.0406579	0.0460204	0.0440887	0.0586451	0.0701829	0.0863172	0.0571694	0.0732453	0.0799467	0.0860749	0.0964266	0.119879	0.141209	0.144652	
13	0.35064	0.0405542	0.0418159	0.044377	0.044254	0.0528381	0.0606336	0.0796615	0.0717706	0.0618814	0.0709477	0.08108	0.0739685	0.112389	0.1121	0.139426	0.106386	
14	0.173089	0.0525835	0.051226	0.0562319	0.0505013	0.0739646	0.0705922	0.0987878	0.0685351	0.075422	0.0738902	0.0858111	0.0703084	0.140344	0.107041	0.134483	0.0872496	
15	0.189596	0.0559002	0.0540502	0.0596393	0.0531333	0.0802503	0.0732983	0.103386	0.068663	0.0791746	0.0759269	0.0879908	0.0718742	0.150038	0.107386	0.132686	0.08553	
16	0.103857	0.0649061	0.0616033	0.0682488	0.059109	0.0955222	0.0814362	0.114582	0.072383	0.0871781	0.0787556	0.0906257	0.0725724	0.16196	0.106931	0.130347	0.0829451	
17	0.0396582	0.0757981	0.0709733	0.0785489	0.0668858	0.113748	0.0919069	0.12688	0.078624	0.0947225	0.0813489	0.0926105	0.073112	0.169244	0.105877	0.127978	0.0809838	
18	-0.00933403	0.087584	0.0812157	0.0895457	0.0755939	0.133401	0.103572	0.138934	0.0863434	0.101213	0.0834539	0.0940898	0.0733271	0.173048	0.104452	0.126014	0.0793817	
19	0.0847049	0.0760626	0.0722095	0.079543	0.0687638	0.114119	0.0953713	0.127703	0.0816443	0.0912496	0.079232	0.0893067	0.0707756	0.158463	0.102253	0.122208	0.0783336	
20	0.124588	0.0687618	0.0660165	0.0726883	0.0637733	0.101208	0.0888632	0.120555	0.0781197	0.0859003	0.0771894	0.0874381	0.0701066	0.1521	0.102577	0.122877	0.0792124	
21	0.148052	0.0644644	0.0621908	0.0684777	0.0605673	0.0937228	0.0842535	0.115817	0.075625	0.0832078	0.076366	0.0869528	0.0702299	0.149916	0.103425	0.124605	0.0804934	
22	0.294824	0.0512002	0.0508239	0.0553838	0.0518724	0.0718029	0.0708679	0.0966697	0.069932	0.072209	0.0735171	0.0843462	0.0716451	0.136777	0.105956	0.127682	0.0867699	
23	0.363346	0.0448581	0.0451614	0.0488494	0.0470665	0.0620198	0.0640231	0.0863226	0.0666774	0.067183	0.0733978	0.0849323	0.0746335	0.131602	0.111581	0.13563	0.0948198	
24	0.504694	0.0391005	0.040756	0.0432362	0.0443159	0.0517134	0.0597581	0.0780011	0.0673344	0.0617827	0.0750429	0.0864647	0.0829244	0.119645	0.122773	0.15027	0.114162	
25	0.620269	0.0378034	0.0408446	0.0421073	0.046448	0.0460975	0.0612983	0.0778003	0.0759522	0.0614235	0.0792118	0.0893235	0.095572	0.109154	0.136245	0.167238	0.1448	
26	0.725338	0.0387947	0.0433503	0.0427597	0.0519191	0.043439	0.0644856	0.077769	0.0929752	0.0641216	0.0845907	0.0916405	0.11089	0.10277	0.146308	0.175911	0.186668	
27	0.800351	0.0405282	0.0465377	0.0437443	0.0580792	0.0429091	0.0667348	0.0740521	0.113695	0.0678838	0.0903267	0.0937111	0.125242	0.101604	0.150855	0.173737	0.231891	
28	0.846803	0.0429378	0.0501178	0.0454383	0.063876	0.0440454	0.0686248	0.0697147	0.132933	0.0727925	0.0971182	0.0975965	0.13801	0.104744	0.153871	0.169408	0.272968	
29	0.955935	0.050848	0.0601487	0.0523386	0.0778795	0.050069	0.0763959	0.0685618	0.168199	0.089187	0.117804	0.114639	0.169863	0.122056	0.171082	0.179415	0.353525	
30	0.996661	0.0567226	0.0671143	0.0577022	0.0866801	0.055106	0.0814048	0.0689632	0.188654	0.10087	0.132282	0.127408	0.189213	0.13541	0.181836	0.187473	0.399852	
31	1.02369	0.0603257	0.0713197	0.0610727	0.0919067	0.0582668	0.0846549	0.0701112	0.19969	0.107922	0.140952	0.135286	0.200569	0.143645	0.188884	0.193903	0.424907	
32	0.987314	0.0569171	0.067325	0.0579156	0.0869887	0.0553432	0.0808272	0.0679187	0.189562	0.101231	0.132943	0.128038	0.189972	0.135839	0.180187	0.185337	0.401757	
33	0.909422	0.0500875	0.0591622	0.0516284	0.0764505	0.0496516	0.0735454	0.0646699	0.167191	0.0872488	0.115939	0.11277	0.166113	0.119801	0.163114	0.16906	0.348962	
34	0.698025	0.0393287	0.0452581	0.0421258	0.0562418	0.0423044	0.0612826	0.0622814	0.119432	0.0627487	0.0847857	0.0861394	0.114638	0.0944685	0.130202	0.140348	0.22724	
35	0.584025	0.0370887	0.0412955	0.0404581	0.048721	0.0425073	0.0588779	0.066436	0.0968425	0.0572457	0.0755001	0.0801865	0.0937316	0.0927343	0.121934	0.13834	0.169158	
36	0.572751	0.037198	0.0407839	0.0408846	0.0470114	0.043599	0.0595176	0.0711491	0.0879976	0.0580526	0.0754317	0.0821221	0.0907866	0.0968661	0.125078	0.147536	0.15351	
37	0.374603	0.0396253	0.041137	0.0434711	0.0439257	0.0509413	0.0599374	0.0786019	0.072134	0.0610097	0.0712903	0.0812838	0.0755909	0.109743	0.114057	0.142411	0.110539	
38	0.348828	0.0424187	0.0429652	0.0463592	0.0446595	0.0568882	0.0616208	0.0844822	0.0669432	0.0652091	0.0727768	0.0845883	0.0746055	0.122857	0.113792	0.14494	0.100853	
39	0.139365	0.0561144	0.0539502	0.0596166	0.0524865	0.0803434	0.0729903	0.103997	0.0679261	0.0796306	0.0757266	0.0882245	0.0713311	0.1496	0.107724	0.135866	0.0857073	
40	0.0281848	0.0742176	0.0693353	0.0768332	0.0652182	0.110624	0.0895536	0.125507	0.077018	0.0943387	0.081133	0.0928178	0.0731375	0.169068	0.106388	0.130527	0.0816448	
41	-0.0657159	0.0977904	0.0894781	0.0984479	0.0823522	0.149881	0.111484	0.14812	0.0919259	0.108398	0.0862623	0.0970166	0.0748881	0.1808	0.104924	0.127618	0.0798759	
42	0.0739381	0.0797388	0.0754938	0.0830686	0.0715915	0.120501	0.0990801	0.130943	0.0840684	0.0931912	0.0798646	0.0896739	0.0707664	0.159393	0.101485	0.121011	0.0776922	
43	-0.0501645	0.0984463	0.0907663	0.0996351	0.0838334	0.150967	0.115111	0.150056	0.0942799	0.105779	0.084657	0.0948007	0.0729418	0.173386	0.103003	0.12452	0.0778457	
44	0.0200886	0.0898213	0.0841488	0.0923933	0.0787452	0.137129	0.109163	0.142073	0.0904572	0.0986864	0.0816949	0.0913217	0.0709934	0.163419	0.101213	0.121331	0.0767144	
45	0.208562	0.0624403	0.0613008	0.0670099	0.0609331	0.0900133	0.0847479	0.11259	0.0776009	0.0787582	0.074219	0.0836244	0.0688122	0.139103	0.10045	0.119064	0.0794279	
46	0.301346	0.0507115	0.0507253	0.0550059	0.0521832	0.0703408	0.0715936	0.096196	0.0716359	0.0704709	0.072556	0.0828328	0.0709177	0.131371	0.104945	0.125621	0.0866626	
47	0.396591	0.0433169	0.044109	0.0473654	0.0466288	0.0589008	0.0632406	0.0840517	0.0678851	0.0648874	0.0728499	0.0839058	0.0752983	0.125514	0.112176	0.135866	0.0974853	
48	0.441761	0.0403567	0.0415251	0.0444046	0.0443214	0.0541205	0.0604093	0.0800768	0.0663229	0.0630421	0.0740953	0.0858135	0.0792827	0.122591	0.11915	0.146857	0.107074	
49	0.678956	0.0379334	0.0415078	0.0422378	0.0481974	0.0452824	0.0622751	0.0773527	0.0801853	0.061814	0.0808787	0.0901941	0.100792	0.107472	0.139621	0.169034	0.155605	
50	0.693565	0.0383342	0.0426667	0.0422816	0.0507435	0.0432623	0.063489	0.076946	0.0908129	0.0630323	0.082966	0.0901597	0.107464	0.101773	0.143258	0.172558	0.180036	
51	0.8071	0.0406546	0.0467094	0.0438704	0.0583412	0.0429958	0.0669748	0.0741739	0.114163	0.0681382	0.0906868	0.0940414	0.125893	0.10189	0.151462	0.174198	0.233046	
52	0.87981	0.0444689	0.0521649	0.046764	0.0669938	0.0450856	0.0704761	0.0696891	0.140439	0.0761342	0.101383	0.101055	0.145453	0.108113	0.158276	0.172303	0.290767	
53	1.04956	0.0597932	0.0708164	0.0605907	0.091602	0.0576749	0.0855781	0.0719746	0.197551	0.106843	0.139371	0.133866	0.199693	0.142339	0.191274	0.197271	0.419947	
54	0.967785	0.0547984	0.064834	0.0559425	0.0838644	0.0535195	0.0788112	0.0671194	0.182843	0.0970164	0.127781	0.12335	0.183083	0.130952	0.175681	0.181089	0.386289	
55	0.981825	0.0561447	0.0664073	0.057186	0.0857941	0.054669	0.0802159	0.06781	0.187061	0.0996894	0.130994	0.126281	0.187334	0.134048	0.178887	0.184171	0.395987	
56	0.961162	0.0543221	0.064246	0.055504	0.0830462	0.0531325	0.0782062	0.0667845	0.181352	0.0960164	0.126568	0.122285	0.181212	0.129804	0.174226	0.179659	0.382674	
57	0.78916	0.042703	0.0499024	0.0450186	0.0635129	0.0441461	0.0653181	0.0623062	0.137667	0.0708933	0.0956217	0.0950378	0.134252	0.102071	0.141978	0.149942	0.275306	
58	0.834825	0.0440037	0.051531	0.0461661	0.0657381	0.044924	0.0678175	0.0645126	0.142084	0.0740564	0.0993235	0.098463	0.140551	0.105387	0.149369	0.158036	0.288268	
59	0.65619	0.0381295	0.0433483	0.0411579	0.0527973	0.0419074	0.0603917	0.0644414	0.109416	0.060049	0.0805314	0.0831975	0.105724	0.0927532	0.127851	0.141115	0.202783	
60	0.495262	0.037012	0.0401846	0.0405903	0.0456381	0.0444078	0.0582715	0.069582	0.0857557	0.0568443	0.072219	0.0788404	0.083877	0.0963053	0.117215	0.137711	0.140693	
61	0.45824	0.038227	0.0404145	0.0421118	0.044267	0.0479386	0.0592345	0.0757018	0.0757105	0.0593436	0.0726231	0.0819304	0.0801787	0.105786	0.118432	0.145493	0.122023	
62	0.336233	0.0421193	0.0427556	0.0460263	0.0444705	0.0562111	0.0615112	0.0837784	0.0675962	0.0646491	0.0723022	0.0838635	0.0741598	0.120846	0.113446	0.14413	0.101422	
63	0.206096	0.0509356	0.0496699	0.054647	0.049241	0.0718265	0.0684381	0.096973	0.0662791	0.0746573	0.0744071	0.0869526	0.0716712	0.142129	0.109027	0.138206	0.0887346	
64	0.0874902	0.0648466	0.0613542	0.0680359	0.0586334	0.095237	0.0808509	0.114752	0.0717809	0.087517	0.0787793	0.0909426	0.0725396	0.162199	0.107217	0.132414	0.0832629	
65	-0.0733017	0.0952126	0.0869742	0.0958227	0.0800169	0.145303	0.108175	0.145481	0.089571	0.107971	0.0862947	0.0973939	0.0753811	0.182447	0.106042	0.129244	0.0808029	
66	0.0492117	0.082808	0.0778413	0.0857061	0.0733026	0.125786	0.101012	0.133716	0.0850431	0.0961129	0.0811608	0.0911729	0.0715916	0.164047	0.102225	0.12222	0.0780753	
67	0.0789534	0.0763123	0.0724983	0.0798229	0.0690269	0.114275	0.0961463	0.128453	0.0821615	0.090961	0.0789854	0.0890003	0.0704382	0.157237	0.102109	0.122001	0.0780526	
68	0.112081	0.0704317	0.067478	0.0742978	0.0649525	0.103858	0.0906617	0.122898	0.0791572	0.0868766	0.0774339	0.0876178	0.0699875	0.152594	0.102384	0.122855	0.0787949	
69	0.15694	0.0639684	0.0618621	0.0680661	0.0604168	0.0927554	0.0840548	0.11543	0.0757387	0.0824688	0.0760119	0.0864876	0.0700018	0.148236	0.103074	0.124232	0.0803918	
70	0.239992	0.0551047	0.0541266	0.059283	0.0542851	0.07812	0.0747403	0.102969	0.0713498	0.0757779	0.0742911	0.085171	0.0708487	0.14146	0.104933	0.126835	0.0842435	
71	0.385499	0.0445237	0.0450228	0.0485714	0.0472716	0.0612237	0.0639233	0.0858177	0.0672602	0.0664209	0.0731746	0.0843893	0.0748675	0.129431	0.111102	0.134612	0.0951954	
72	0.572986	0.0380008	0.0403985	0.0422328	0.0451256	0.0486544	0.0598364	0.0762024	0.0708516	0.0604263	0.0762087	0.0867889	0.0879953	0.11356	0.127065	0.153857	0.125253	
73	0.563552	0.03775	0.0404025	0.0419878	0.0452405	0.0465808	0.060492	0.077853	0.0735395	0.0610027	0.0775076	0.0879358	0.0910411	0.109204	0.132316	0.163967	0.136404	
74	0.766273	0.0393852	0.0443465	0.0432818	0.0538095	0.0434718	0.0656821	0.0779001	0.0974243	0.065412	0.0866201	0.0930441	0.115769	0.103202	0.149425	0.178007	0.197528	
75	0.87232	0.0430495	0.0502381	0.0457722	0.0643158	0.0442063	0.0699923	0.0726285	0.130008	0.0734082	0.097708	0.0989295	0.140067	0.106096	0.158234	0.176261	0.269368	
76	0.976203	0.0518633	0.0614432	0.0533062	0.0798938	0.0508773	0.0779149	0.0695807	0.171342	0.0913437	0.120388	0.117026	0.174588	0.124537	0.17471	0.183097	0.361203	
77	1.0113	0.0581364	0.0687966	0.0590251	0.0888984	0.0563216	0.0829098	0.0696756	0.192925	0.103673	0.13568	0.130504	0.19412	0.138669	0.185202	0.190636	0.409625	
78	1.05503	0.0637591	0.0753162	0.0642957	0.0968413	0.0612801	0.0882131	0.0720444	0.209474	0.114527	0.148935	0.142581	0.211061	0.151403	0.196678	0.201528	0.446879	
79	1.06817	0.0655491	0.0773842	0.0659967	0.0993892	0.0628792	0.0898412	0.0728377	0.214454	0.117935	0.153117	0.146433	0.216461	0.155419	0.200122	0.204929	0.458002	
80	0.864718	0.046999	0.0554136	0.0488644	0.0715284	0.0472472	0.0698314	0.0628459	0.156102	0.0806197	0.108001	0.105734	0.154365	0.112431	0.153757	0.159983	0.321798	
81	0.832506	0.0445223	0.0522215	0.0466173	0.066832	0.0453475	0.0678307	0.0635363	0.14517	0.0751148	0.100794	0.0995914	0.142988	0.10645	0.148973	0.156721	0.29501	
82	0.739582	0.0402895	0.0465675	0.0429469	0.0582269	0.0426531	0.0631794	0.0637779	0.123916	0.0653002	0.0880513	0.0890068	0.120793	0.096736	0.136432	0.147123	0.241049	
83	0.579734	0.0370535	0.0412548	0.0403977	0.0486478	0.0424164	0.0588644	0.066538	0.0967418	0.0573227	0.0754839	0.0800921	0.0936983	0.0926111	0.122082	0.138863	0.169458	
84	0.533437	0.037184	0.0403986	0.0409026	0.0459387	0.044358	0.0590367	0.0717034	0.0846725	0.0577803	0.0740108	0.081239	0.0868507	0.097986	0.122101	0.145444	0.143713	
85	0.46834	0.0380993	0.0403074	0.0420432	0.0441991	0.0474901	0.059236	0.0765353	0.0749594	0.0596622	0.073348	0.0829295	0.0816025	0.105756	0.120547	0.149832	0.124098	
86	0.247506	0.0460203	0.0457857	0.0498318	0.0463388	0.0627504	0.0646553	0.0900233	0.0668882	0.0688209	0.0722805	0.0841696	0.0713301	0.12792	0.109576	0.140263	0.093483	
87	0.229794	0.0509188	0.0497326	0.0547158	0.0495248	0.0718388	0.0684196	0.0970371	0.0663888	0.0746248	0.0746098	0.0870825	0.0720653	0.142571	0.108899	0.137542	0.0887005	
88	0.0154947	0.0737872	0.0688177	0.0762696	0.064637	0.109768	0.0887682	0.124774	0.0764624	0.0943015	0.0811351	0.093024	0.0732488	0.169619	0.10683	0.13147	0.0820481	
89	-0.014452	0.0874492	0.0808998	0.0892705	0.0751881	0.133033	0.102602	0.138635	0.0857009	0.101887	0.0838081	0.0946373	0.0737342	0.174595	0.104829	0.127096	0.0798442	
90	-0.0583647	0.101755	0.0933407	0.102435	0.0859462	0.157004	0.116807	0.15165	0.0956252	0.108849	0.0861684	0.0964365	0.0741427	0.178373	0.103476	0.12512	0.0786196	
91	0.0467909	0.0856072	0.0806625	0.0885957	0.0759555	0.130406	0.105385	0.137073	0.0880651	0.0960498	0.0807782	0.0903442	0.0707158	0.160985	0.101043	0.120316	0.0768989	
92	0.0691448	0.0788869	0.0749326	0.0823828	0.0711841	0.118354	0.0995924	0.131864	0.0844476	0.0915822	0.078941	0.0886704	0.0699136	0.155865	0.101387	0.121116	0.0772038	
93	0.116151	0.0707601	0.0679685	0.0747507	0.0655335	0.104123	0.0917451	0.123861	0.080101	0.0862504	0.0769695	0.0869116	0.0694452	0.150118	0.101676	0.122041	0.078247	
94	0.254539	0.0553838	0.0547473	0.0597588	0.0552776	0.0780785	0.076214	0.103676	0.0730652	0.0746206	0.0734831	0.0837247	0.0700665	0.13688	0.103317	0.124143	0.0832997	
95	0.336562	0.0471453	0.0473192	0.0512457	0.0490625	0.0651116	0.0668476	0.090439	0.0687265	0.0684685	0.072901	0.0839188	0.0728593	0.131271	0.108402	0.131294	0.0910756	
96	0.519408	0.0390036	0.0408616	0.0431536	0.0448242	0.0511605	0.0598684	0.077427	0.0687308	0.0610532	0.0746263	0.0854957	0.082944	0.116975	0.121394	0.14733	0.114179	
97	0.503556	0.0383695	0.0403146	0.0425566	0.0440439	0.0492834	0.0598013	0.0783836	0.0689029	0.0613635	0.0756916	0.0870243	0.0850634	0.114611	0.126561	0.15763	0.121662	
98	0.783725	0.0394027	0.044397	0.0433944	0.0540348	0.0437755	0.0659785	0.0779905	0.0963692	0.0654395	0.0868508	0.0935512	0.116606	0.104332	0.150258	0.178117	0.195754	
99	0.753082	0.0393744	0.0448503	0.0427584	0.0552822	0.042445	0.064991	0.0737106	0.106498	0.0652919	0.0867976	0.0910573	0.118215	0.0997023	0.146344	0.170044	0.214195	
100	0.919281	0.0460509	0.0542295	0.0482098	0.0701169	0.0462436	0.0726796	0.0705364	0.146834	0.0795534	0.105656	0.104772	0.152893	0.111823	0.163602	0.176849	0.306241	
101	1.0344	0.0586783	0.069504	0.0595493	0.0899857	0.0567176	0.0843044	0.0712002	0.194196	0.10472	0.136808	0.131558	0.196362	0.139872	0.1885	0.19449	0.412522	
102	0.924066	0.0510421	0.0603373	0.0524893	0.078043	0.0503992	0.0747973	0.0653594	0.170412	0.0893175	0.118418	0.11495	0.169886	0.12214	0.16627	0.17216	0.35697	
103	1.03257	0.0608483	0.0719287	0.061556	0.0926513	0.0587094	0.0853823	0.0706436	0.20109	0.108928	0.142103	0.136357	0.202164	0.144817	0.190564	0.19557	0.428041	
104	0.935756	0.0522364	0.0617673	0.0535971	0.0798996	0.0514058	0.0758188	0.065517	0.174631	0.0917523	0.121471	0.117692	0.174091	0.124918	0.168553	0.17411	0.366809	
105	0.836391	0.0450633	0.0529287	0.0470948	0.0678696	0.0457654	0.0681544	0.0631336	0.147891	0.07631	0.102387	0.100874	0.14542	0.107725	0.149649	0.1569	0.3015	
106	0.706256	0.0393715	0.045263	0.0421726	0.0561322	0.0422733	0.0618027	0.0634216	0.118741	0.0629543	0.0849086	0.0864301	0.114792	0.0946989	0.132095	0.143196	0.226601	
107	0.714862	0.0390548	0.0446599	0.042025	0.0549001	0.0421514	0.0623848	0.0662243	0.11356	0.0625406	0.0840628	0.0864936	0.112659	0.0949836	0.134854	0.148921	0.216855	
108	0.474338	0.0370353	0.0400578	0.040605	0.0452374	0.0446714	0.0581664	0.069959	0.0842738	0.0569798	0.071728	0.0785122	0.0825424	0.0966801	0.116294	0.137444	0.137211	
109	0.395579	0.0395365	0.0411263	0.043392	0.0440722	0.0509228	0.0598994	0.0780225	0.0727735	0.0608351	0.0715808	0.0815107	0.07614	0.110335	0.114487	0.141893	0.111488	
110	0.243841	0.0472803	0.0468203	0.0510636	0.0471891	0.0652878	0.0657576	0.0912674	0.0671114	0.0702379	0.0728193	0.0847797	0.0713544	0.132344	0.109283	0.138182	0.0919932	
111	0.111549	0.0609849	0.0581457	0.0643555	0.0560105	0.0885221	0.0776391	0.110073	0.0703902	0.0839301	0.0772674	0.0894421	0.0717385	0.156164	0.107078	0.132962	0.0839759	
112	0.0862554	0.0684234	0.0646805	0.0716567	0.0616898	0.101294	0.0849132	0.11899	0.0744387	0.0896067	0.079475	0.0910612	0.0725368	0.163661	0.106151	0.12929	0.0819481	
113	0.0588804	0.0743159	0.0699161	0.0773448	0.0661924	0.111207	0.0911344	0.125648	0.0783424	0.093013	0.0805448	0.0916219	0.0725058	0.165966	0.105128	0.126989	0.0805412	
114	-0.021104	0.0894339	0.082768	0.091216	0.0768795	0.136251	0.105293	0.141065	0.08754	0.102242	0.0837603	0.09438	0.0733685	0.173622	0.104355	0.126197	0.0792358	
115	0.0527947	0.0813843	0.0767037	0.0844583	0.0723981	0.123063	0.100258	0.133403	0.0846081	0.0947256	0.080484	0.0904981	0.0711189	0.161873	0.102162	0.122434	0.0778851	
116	-0.0348938	0.0956428	0.088465	0.0971826	0.0819351	0.146373	0.112715	0.147808	0.092664	0.103981	0.0839452	0.0940711	0.0725719	0.171472	0.102825	0.124371	0.0777443	
117	0.233683	0.0605049	0.0596451	0.0651145	0.0597612	0.0868712	0.082509	0.109437	0.0766725	0.0773752	0.0738359	0.083191	0.0690676	0.137617	0.100308	0.118736	0.0800883	
118	0.203774	0.0575774	0.0564205	0.0617855	0.0561696	0.0818328	0.0780741	0.106587	0.0733976	0.0770807	0.0742569	0.0848133	0.0699324	0.14125	0.103836	0.124813	0.0826497	
119	0.424902	0.04317	0.0441472	0.0472747	0.0470824	0.0585072	0.0632625	0.0835254	0.0684295	0.0643104	0.0727137	0.0833544	0.0756914	0.123958	0.111404	0.133946	0.0975543	
120	0.520734	0.0385704	0.0405692	0.042735	0.0446013	0.0500976	0.0598236	0.0771192	0.0692525	0.0608337	0.07507	0.0859679	0.0842029	0.115441	0.12369	0.150589	0.117857	
121	0.606475	0.0377722	0.0407664	0.0420467	0.0462383	0.0459679	0.0611241	0.077686	0.0759498	0.0612108	0.0787608	0.0887964	0.0944876	0.108246	0.135163	0.166122	0.143336	
122	0.708298	0.0385962	0.042935	0.0426136	0.0510276	0.0435323	0.0639341	0.0779128	0.090692	0.0636065	0.0837165	0.0911446	0.10844	0.102722	0.144738	0.175134	0.180827	
123	0.958858	0.0466548	0.0550503	0.0489807	0.0717923	0.0467509	0.0746561	0.0733517	0.146642	0.0809575	0.107281	0.106785	0.157203	0.113788	0.168677	0.183644	0.30754	
124	0.865349	0.0452183	0.0531855	0.047267	0.0685196	0.0456769	0.0700681	0.0665196	0.146437	0.0773991	0.103251	0.101993	0.148354	0.109065	0.15609	0.166227	0.302045	
125	0.943396	0.0510757	0.0603858	0.0525098	0.0780794	0.0503272	0.0759061	0.0671755	0.169669	0.089519	0.118353	0.115009	0.170179	0.122394	0.169513	0.176448	0.356093	
126	1.02403	0.0596714	0.070568	0.0604486	0.0909708	0.0576655	0.0843596	0.0702619	0.197634	0.106644	0.139306	0.13378	0.198502	0.142145	0.188373	0.193536	0.420244	
127	0.960103	0.0543008	0.064229	0.0554882	0.0830445	0.0531181	0.0781169	0.0666484	0.181354	0.0959805	0.126569	0.122265	0.181201	0.129766	0.17399	0.179364	0.382695	
128	0.940023	0.0524204	0.0619694	0.0537511	0.0800933	0.0515435	0.076212	0.0659429	0.175087	0.092122	0.121817	0.118022	0.174532	0.125332	0.169575	0.175263	0.367909	
129	0.827163	0.0445383	0.0522607	0.046626	0.0669039	0.0453838	0.0675868	0.0630336	0.145673	0.0751349	0.100911	0.0995881	0.143002	0.106473	0.148182	0.155641	0.295958	
130	0.713969	0.039554	0.0455199	0.0423277	0.0565353	0.0423392	0.0621133	0.063582	0.11972	0.0634261	0.085542	0.0869625	0.115993	0.0951023	0.133108	0.144206	0.22945	
131	0.578343	0.0370491	0.0411799	0.04043	0.0484358	0.0425271	0.0589053	0.0669695	0.0958129	0.0572967	0.0753544	0.0801793	0.093174	0.0929119	0.122194	0.139448	0.167373	
132	0.453145	0.0377625	0.0402354	0.0415177	0.0445005	0.0467259	0.0588026	0.0734033	0.078954	0.0581947	0.0717598	0.0800477	0.0800417	0.101743	0.11659	0.140999	0.12603	
133	0.371958	0.0406719	0.0417988	0.044581	0.0441425	0.0533485	0.0606016	0.080894	0.0698056	0.0626351	0.0720343	0.0829047	0.0752889	0.115628	0.114373	0.143801	0.106275	
134	0.169774	0.0527944	0.0512836	0.0564206	0.0504435	0.0745467	0.0704154	0.0993824	0.0676173	0.0760259	0.0743217	0.0865752	0.0707644	0.142499	0.107703	0.136074	0.0872336	
135	0.182119	0.0565305	0.0545125	0.0602292	0.0534366	0.0814427	0.0736266	0.104253	0.06849	0.080011	0.0763074	0.0885013	0.0721129	0.151928	0.107597	0.133156	0.0853984	
136	0.136597	0.0616982	0.0588939	0.0652179	0.0569902	0.0903569	0.0783936	0.11048	0.0707126	0.0846567	0.0780128	0.0900031	0.0725986	0.159441	0.107279	0.130812	0.0837482	
137	0.0320452	0.0757715	0.070818	0.0784079	0.0666489	0.113752	0.0914936	0.126574	0.0782518	0.0951516	0.0816352	0.0930574	0.0734502	0.170763	0.106427	0.128686	0.0813983	
138	-0.0164307	0.0887259	0.0821041	0.0905115	0.0762918	0.135384	0.104323	0.1397	0.0868123	0.10223	0.083928	0.0946066	0.0736744	0.174671	0.104712	0.126267	0.0795922	
139	0.0620408	0.0796541	0.0752009	0.0828253	0.0711461	0.12031	0.0985251	0.131213	0.0834551	0.0938252	0.0802416	0.0903064	0.0711749	0.161553	0.102393	0.122374	0.0781668	
140	0.147924	0.0667805	0.0644534	0.0708762	0.0626917	0.0979192	0.0872955	0.117883	0.0774851	0.0840695	0.0765023	0.0866063	0.0698797	0.149409	0.102227	0.122005	0.0793564	
141	0.128593	0.0661494	0.0635849	0.0700524	0.0615956	0.0965222	0.0858367	0.117908	0.0763508	0.0845791	0.0768255	0.0874311	0.0702793	0.151651	0.103506	0.124703	0.080187	
142	0.255621	0.0542478	0.0534226	0.0584421	0.0538135	0.0767894	0.0739212	0.101439	0.071016	0.0749908	0.0741179	0.0849321	0.0710192	0.140479	0.105033	0.126616	0.0846601	
143	0.353885	0.0459144	0.0461062	0.0499367	0.047913	0.0636362	0.0651087	0.0880105	0.0672232	0.0680129	0.0733474	0.0847179	0.0740023	0.132575	0.11026	0.133656	0.0930424	
144	0.457923	0.0403435	0.041541	0.044398	0.0444991	0.0543498	0.0602914	0.0795965	0.066165	0.0630249	0.0742738	0.0859246	0.0798002	0.12362	0.119108	0.145789	0.107094	
145	0.690168	0.0379176	0.0416417	0.0422039	0.0486455	0.0451171	0.0625365	0.0769067	0.0812309	0.0618311	0.0812023	0.0902708	0.102144	0.107251	0.140454	0.168704	0.158301	
146	0.666197	0.0379966	0.0420641	0.0419738	0.0495696	0.0433784	0.0627503	0.0766945	0.0879388	0.0622172	0.0815949	0.089172	0.10413	0.101725	0.140946	0.170399	0.17238	
147	0.875452	0.0426824	0.0496655	0.0455832	0.0633428	0.0440849	0.0699742	0.0739162	0.126168	0.0726108	0.0966443	0.098508	0.137968	0.10578	0.158541	0.178051	0.261319	
148	0.905311	0.0465413	0.0548636	0.0485198	0.0709321	0.0466179	0.0723889	0.0686345	0.15067	0.0804574	0.106903	0.105418	0.154449	0.112532	0.162336	0.17348	0.313807	
149	0.956575	0.0521657	0.0617162	0.0535082	0.0798675	0.051215	0.0771349	0.0677492	0.173441	0.0917866	0.121111	0.117449	0.174236	0.124971	0.1724	0.179277	0.365053	
150	0.985292	0.0560003	0.0662471	0.0570359	0.0855641	0.0545125	0.0804192	0.0682418	0.186495	0.0994211	0.130577	0.125875	0.186783	0.133736	0.179515	0.18501	0.394804	
151	0.931347	0.0517125	0.0611239	0.0530995	0.0789877	0.0509575	0.0754624	0.0656154	0.172745	0.0906685	0.120059	0.116424	0.171985	0.123678	0.167811	0.173591	0.362384	
152	0.822058	0.0442387	0.0518737	0.046359	0.0663342	0.045168	0.0672821	0.0630296	0.14434	0.0744556	0.100044	0.0988443	0.141575	0.105753	0.147396	0.155008	0.29262	
153	0.86267	0.0457699	0.0537904	0.0477168	0.0689613	0.0462039	0.0697027	0.0646988	0.149886	0.0780104	0.104279	0.102651	0.148458	0.109571	0.154146	0.161977	0.307558	
154	0.707996	0.0394003	0.0453077	0.0421873	0.0561804	0.04225	0.0619905	0.0637086	0.118773	0.0631539	0.0851206	0.0866023	0.115123	0.094884	0.132862	0.144252	0.227375	
155	0.641831	0.0377118	0.0424802	0.0409436	0.0509933	0.0420482	0.0602839	0.0667245	0.103011	0.0591469	0.0788566	0.0826591	0.101366	0.093084	0.127895	0.144072	0.188262	
156	0.44968	0.0375219	0.0401302	0.0412003	0.0446009	0.0461018	0.0585253	0.0722607	0.0804373	0.0577304	0.0713992	0.0791611	0.0801297	0.099828	0.115741	0.13908	0.128367	
157	0.358046	0.0409831	0.0420639	0.0448557	0.0443198	0.0538494	0.0608757	0.0809983	0.070304	0.0627669	0.0716314	0.0823022	0.074398	0.115514	0.113055	0.141636	0.105032	
158	0.239585	0.048282	0.0475826	0.0520618	0.0477544	0.067206	0.0664205	0.0928963	0.0665812	0.0715803	0.0734317	0.0856579	0.0716573	0.135942	0.109431	0.138433	0.0909887	
159	0.08297	0.0643209	0.060907	0.0674888	0.0582001	0.0941489	0.0804955	0.114074	0.0717146	0.0868966	0.0783863	0.0905297	0.0721774	0.160589	0.107073	0.132521	0.0833006	
160	0.060375	0.0726721	0.0683182	0.0756584	0.064691	0.108429	0.0889258	0.123714	0.0768154	0.0925843	0.0805138	0.0918887	0.0727821	0.16662	0.105789	0.1285	0.0812434	
161	0.154951	0.063884	0.0613595	0.0677261	0.0596567	0.0937274	0.0821744	0.113401	0.0737008	0.084404	0.0773804	0.0883522	0.0714659	0.154972	0.104577	0.125697	0.0815329	
162	0.00258899	0.0816736	0.0760719	0.0840175	0.0711594	0.123031	0.0979572	0.133573	0.0826187	0.0978014	0.0821706	0.0931187	0.0729302	0.170337	0.105123	0.127096	0.0799675	
163	0.0201077	0.0844838	0.0789528	0.0870172	0.0739483	0.128115	0.101923	0.136546	0.0854237	0.0979734	0.0819255	0.0922724	0.0721353	0.167317	0.103292	0.124446	0.0785366	
164	0.0403162	0.0824372	0.0775431	0.0853916	0.0730232	0.124589	0.101247	0.13505	0.0851889	0.0954236	0.0806957	0.0907721	0.0711499	0.162517	0.102336	0.123009	0.077835	
165	0.17441	0.0644673	0.0626239	0.0687546	0.0614443	0.0937655	0.0854242	0.11536	0.0769433	0.081789	0.0755726	0.0855312	0.0695304	0.145539	0.101714	0.121521	0.0795727	
166	0.32125	0.0496322	0.0496982	0.0538809	0.0513346	0.0689002	0.0699931	0.0941754	0.0705269	0.0699547	0.0727433	0.0831795	0.0716557	0.131863	0.105707	0.126655	0.0877451	
167	0.39038	0.0433559	0.0440405	0.0473767	0.046408	0.0592406	0.0630209	0.0839961	0.0672048	0.0652826	0.0730873	0.0843717	0.0754334	0.127156	0.112632	0.13665	0.0974733	
168	0.384841	0.0422048	0.042771	0.0461534	0.044765	0.0578106	0.0614652	0.0827549	0.0650074	0.065335	0.0738655	0.08602	0.0767468	0.128723	0.116418	0.143927	0.100915	
169	0.676615	0.0378087	0.0412373	0.0421394	0.0477157	0.0457564	0.0618211	0.0769493	0.0783104	0.0614754	0.0802829	0.0898735	0.0993583	0.108798	0.138129	0.166982	0.151015	
170	0.754569	0.0391299	0.0441812	0.0429235	0.0538438	0.0431394	0.0653986	0.0764839	0.0983668	0.0649182	0.0861139	0.0921362	0.115754	0.102295	0.148455	0.174893	0.198828	
171	0.787319	0.0402673	0.0462636	0.0434122	0.0577233	0.0426872	0.0661897	0.0727467	0.113903	0.0672095	0.0895535	0.0926934	0.124021	0.100678	0.149082	0.170321	0.230947	
172	0.87594	0.044324	0.0519743	0.0466197	0.0666666	0.0449902	0.0702472	0.069382	0.13997	0.0757662	0.100953	0.100638	0.144583	0.107721	0.157637	0.171281	0.289316	
173	0.999621	0.0550309	0.0651793	0.0561623	0.0844292	0.0535778	0.0806038	0.0697017	0.182699	0.0975716	0.128098	0.123725	0.184325	0.131604	0.180422	0.187176	0.386603	
174	0.933301	0.0516015	0.0610023	0.0529877	0.0788478	0.0508372	0.0756105	0.0659711	0.172213	0.0904914	0.119768	0.116153	0.171724	0.123473	0.168321	0.174339	0.361376	
175	0.964893	0.054295	0.0642087	0.0554634	0.0829415	0.0530852	0.0784499	0.0671765	0.18112	0.0959688	0.12642	0.122146	0.18096	0.129745	0.174926	0.180505	0.38222	
176	0.935767	0.0520088	0.0614751	0.0533679	0.079426	0.0511966	0.0758377	0.065846	0.173699	0.0912793	0.120775	0.117074	0.17299	0.124371	0.168728	0.174505	0.364662	
177	0.841344	0.045309	0.0532357	0.0473067	0.0682702	0.0459344	0.0685102	0.063341	0.148861	0.0768788	0.103069	0.101455	0.146432	0.108335	0.15063	0.157892	0.304049	
178	0.840387	0.0446861	0.0524155	0.0467517	0.0670154	0.0454265	0.0683434	0.0641872	0.145521	0.0755599	0.101252	0.100007	0.143574	0.106934	0.150558	0.158668	0.296452	
179	0.56261	0.0369393	0.0412004	0.0402004	0.0487281	0.042394	0.0581157	0.0644134	0.0981774	0.0568419	0.0748307	0.0789466	0.0928176	0.0917884	0.11884	0.133344	0.170125	
180	0.518952	0.0371709	0.0403264	0.0408561	0.0457637	0.0446818	0.0587451	0.0707527	0.0847578	0.0573222	0.0731653	0.0802828	0.085148	0.097967	0.119719	0.141318	0.140798	
181	0.379417	0.0398494	0.0412978	0.0437111	0.0440277	0.0515997	0.0601265	0.0787526	0.0718651	0.0612639	0.0714848	0.081667	0.0755541	0.111529	0.11417	0.141905	0.109553	
182	0.228358	0.0483938	0.0477159	0.0521542	0.0478286	0.0671758	0.0667139	0.0929626	0.0670921	0.071445	0.0730984	0.0851466	0.0711459	0.134587	0.108893	0.137644	0.0907497	
183	0.14873	0.057955	0.0556241	0.0615063	0.0540977	0.0836597	0.0748773	0.106185	0.0690184	0.0813472	0.0765573	0.0888206	0.0718385	0.153273	0.107525	0.133578	0.0849691	
184	0.0712847	0.0692561	0.0652636	0.0723333	0.0620397	0.102717	0.0853604	0.119784	0.0745538	0.0905847	0.0799138	0.0916371	0.0728418	0.165603	0.106606	0.129976	0.0821704	
185	-0.137691	0.112158	0.10108	0.110735	0.0920608	0.172642	0.122719	0.159684	0.100354	0.117974	0.0900786	0.101017	0.0772941	0.191245	0.105976	0.129445	0.0811095	
186	0.0468986	0.0869927	0.0818051	0.0898232	0.0769009	0.133007	0.10604	0.136979	0.0885545	0.0973472	0.0814161	0.0909282	0.0711624	0.162797	0.100924	0.119763	0.0770776	
187	0.0700126	0.0790446	0.0750672	0.0825194	0.0713025	0.118861	0.0996772	0.131242	0.0844266	0.0918012	0.0791067	0.0888092	0.0700509	0.156408	0.101422	0.120617	0.0772637	
188	0.110617	0.0714692	0.0685548	0.0753963	0.0659773	0.105464	0.0924057	0.124283	0.0803462	0.0868507	0.0772353	0.0871711	0.0695646	0.151092	0.101798	0.121843	0.0781973	
189	0.189984	0.0610488	0.0595388	0.065327	0.0588085	0.0876261	0.0817858	0.111776	0.0750946	0.0795335	0.074902	0.08519	0.0696672	0.143429	0.102763	0.123588	0.0809142	
190	0.183617	0.0592405	0.0575934	0.0633153	0.056796	0.0848161	0.0787644	0.109243	0.0729745	0.0794139	0.07524	0.0861814	0.0704211	0.146021	0.104466	0.126687	0.0824758	
191	0.373888	0.0457249	0.0460982	0.0498155	0.048224	0.0630247	0.0651691	0.087853	0.0678694	0.0673356	0.0730529	0.0840865	0.0740392	0.13029	0.109503	0.132524	0.0930767	
192	0.465276	0.0400985	0.0414293	0.0441758	0.0445871	0.0536975	0.0602276	0.0792248	0.0667822	0.062531	0.0741606	0.0856089	0.0800868	0.12185	0.119055	0.145546	0.107953	
193	0.588393	0.0378353	0.0404864	0.042127	0.045434	0.0472298	0.0605084	0.0775118	0.0728121	0.0610734	0.0778371	0.0884631	0.0916203	0.111436	0.132479	0.162918	0.135136	
194	0.773609	0.0394017	0.0444682	0.0432926	0.0542005	0.0435069	0.0659642	0.0775348	0.0979275	0.0654954	0.0868843	0.0932133	0.1169	0.103545	0.150154	0.177509	0.198947	
195	0.88823	0.0437245	0.0511947	0.0463351	0.0658948	0.0446449	0.0709034	0.0722885	0.133746	0.0748703	0.0996181	0.10038	0.143793	0.107533	0.160286	0.176835	0.277905	
196	0.921356	0.0481322	0.0568534	0.0499018	0.0736515	0.0478758	0.0737504	0.0680651	0.157727	0.083696	0.110999	0.108784	0.160542	0.115995	0.165189	0.174595	0.329604	
197	0.948655	0.0519634	0.0614573	0.0533161	0.0794865	0.0510755	0.0766452	0.0671713	0.172962	0.0913292	0.120612	0.116973	0.173325	0.124445	0.171115	0.177654	0.363677	
198	1.00928	0.0583649	0.0690307	0.0592327	0.0890534	0.0565436	0.0828828	0.0694185	0.193766	0.104093	0.136242	0.131003	0.194393	0.139168	0.185052	0.190282	0.411456	
199	0.914741	0.0504768	0.0596384	0.0519782	0.0770665	0.0499598	0.074011	0.064873	0.168576	0.0880836	0.11696	0.113653	0.167538	0.120747	0.164273	0.170147	0.352362	
